,Open,High,Low,Close,Adj Close,Volume,Date,company
0,63.080002,63.299999,62.98,63.07,54.811817,3140600.0,2017-07-10,AIG
1,63.139999,63.27,62.73,62.91,54.672775,2883400.0,2017-07-11,AIG
2,62.91,63.59,62.790001,63.189999,54.916103,2686600.0,2017-07-12,AIG
3,63.360001,64.290001,63.18,64.129997,55.733021,5507900.0,2017-07-13,AIG
4,63.799999,64.239998,63.490002,64.110001,55.715645,2767900.0,2017-07-14,AIG
5,64.0,64.220001,63.529999,64.050003,55.663502,3466300.0,2017-07-17,AIG
6,63.830002,64.080002,63.52,63.869999,55.507061,3980900.0,2017-07-18,AIG
7,63.919998,64.190002,63.73,64.190002,55.785175,2871700.0,2017-07-19,AIG
8,64.220001,64.349998,63.810001,64.230003,55.819935,3488500.0,2017-07-20,AIG
9,64.160004,64.279999,63.860001,64.199997,55.793858,3542700.0,2017-07-21,AIG
10,64.199997,64.620003,64.050003,64.529999,56.080647,2928000.0,2017-07-24,AIG
11,64.940002,65.419998,64.910004,65.290001,56.741146,4960000.0,2017-07-25,AIG
12,65.309998,65.470001,65.010002,65.190002,56.654228,4458900.0,2017-07-26,AIG
13,65.169998,66.029999,65.089996,65.169998,56.636852,4289300.0,2017-07-27,AIG
14,65.25,65.519997,65.059998,65.269997,56.723759,2838500.0,2017-07-28,AIG
15,65.410004,65.650002,65.139999,65.449997,56.88018,3144500.0,2017-07-31,AIG
16,65.730003,65.739998,65.279999,65.480003,56.906277,3261700.0,2017-08-01,AIG
17,65.290001,65.940002,65.099998,65.900002,57.271267,3848500.0,2017-08-02,AIG
18,66.080002,67.300003,65.099998,66.059998,57.41032,8492600.0,2017-08-03,AIG
19,66.169998,66.230003,64.790001,65.080002,56.558643,5074100.0,2017-08-04,AIG
20,64.760002,65.080002,64.5,64.980003,56.471729,5301200.0,2017-08-07,AIG
21,64.940002,65.080002,64.389999,64.57,56.11541,3143600.0,2017-08-08,AIG
22,64.010002,64.440002,63.639999,64.010002,55.628738,5601400.0,2017-08-09,AIG
23,63.73,63.849998,62.919998,63.0,54.750988,4375100.0,2017-08-10,AIG
24,63.139999,63.209999,62.509998,62.650002,54.446808,3676300.0,2017-08-11,AIG
25,63.169998,63.41,62.84,62.880001,54.646702,3256300.0,2017-08-14,AIG
26,63.16,63.439999,63.0,63.029999,54.777058,3065400.0,2017-08-15,AIG
27,63.200001,63.299999,62.810001,62.970001,54.724911,2656900.0,2017-08-16,AIG
28,62.759998,62.759998,61.639999,61.669998,53.595127,5174900.0,2017-08-17,AIG
29,61.459999,61.830002,61.16,61.34,53.308338,4494700.0,2017-08-18,AIG
30,61.299999,61.349998,60.919998,61.290001,53.264893,3000300.0,2017-08-21,AIG
31,61.349998,61.509998,60.939999,61.220001,53.204052,4843600.0,2017-08-22,AIG
32,60.880001,61.049999,60.66,60.77,52.812973,5306000.0,2017-08-23,AIG
33,60.790001,60.939999,60.169998,60.23,52.343685,5389700.0,2017-08-24,AIG
34,60.310001,60.91,60.130001,60.779999,52.821667,5877600.0,2017-08-25,AIG
35,60.66,60.709999,60.27,60.66,52.717377,6586400.0,2017-08-28,AIG
36,60.200001,60.419998,60.02,60.209999,52.326302,4870000.0,2017-08-29,AIG
37,60.169998,60.34,60.099998,60.200001,52.3176,4420100.0,2017-08-30,AIG
38,60.41,60.540001,60.060001,60.48,52.560947,7299900.0,2017-08-31,AIG
39,60.580002,61.029999,60.439999,60.700001,52.75214,3747100.0,2017-09-01,AIG
40,60.43,60.68,59.459999,59.650002,51.839622,8071600.0,2017-09-05,AIG
41,59.720001,59.959999,59.419998,59.470001,51.683197,5938100.0,2017-09-06,AIG
42,59.389999,59.470001,58.060001,58.27,50.640316,6648600.0,2017-09-07,AIG
43,58.029999,60.23,57.900002,59.779999,51.952599,10069200.0,2017-09-08,AIG
44,60.360001,61.060001,59.98,60.77,52.812973,8147100.0,2017-09-11,AIG
45,60.84,61.23,60.709999,61.200001,53.186665,4310400.0,2017-09-12,AIG
46,60.900002,60.98,60.509998,60.740002,52.786903,5493200.0,2017-09-13,AIG
47,60.5,60.560001,59.599998,59.810001,52.253967,5383300.0,2017-09-14,AIG
48,59.669998,60.040001,59.400002,59.619999,52.087963,9334400.0,2017-09-15,AIG
49,59.66,59.799999,59.23,59.389999,51.887024,7293400.0,2017-09-18,AIG
50,59.34,59.77,59.209999,59.490002,51.974392,4093000.0,2017-09-19,AIG
51,59.439999,60.330002,59.439999,60.119999,52.524796,6049700.0,2017-09-20,AIG
52,60.220001,60.709999,60.139999,60.5,52.856792,4354800.0,2017-09-21,AIG
53,60.369999,61.009998,60.209999,60.709999,53.04026,4407200.0,2017-09-22,AIG
54,60.310001,61.189999,60.310001,61.009998,53.302364,4405300.0,2017-09-25,AIG
55,60.799999,60.849998,60.009998,60.470001,52.830582,7686500.0,2017-09-26,AIG
56,60.900002,61.52,60.509998,61.25,53.512054,5967300.0,2017-09-27,AIG
57,61.23,61.32,60.709999,60.970001,53.26741,4896300.0,2017-09-28,AIG
58,61.240002,61.880001,61.130001,61.389999,53.634357,4337000.0,2017-09-29,AIG
59,61.720001,61.939999,61.380001,61.860001,54.044987,3864100.0,2017-10-02,AIG
60,61.779999,61.919998,61.279999,61.630001,53.844028,4423300.0,2017-10-03,AIG
61,61.599998,61.700001,61.419998,61.580002,53.800354,2404300.0,2017-10-04,AIG
62,61.639999,62.169998,61.43,61.98,54.149811,3652000.0,2017-10-05,AIG
63,62.259998,62.43,62.0,62.259998,54.394444,3647100.0,2017-10-06,AIG
64,62.240002,62.310001,61.610001,61.779999,53.975082,2594900.0,2017-10-09,AIG
65,61.0,61.93,61.0,61.779999,53.975082,4099700.0,2017-10-10,AIG
66,61.720001,61.880001,61.450001,61.84,54.027512,5740900.0,2017-10-11,AIG
67,61.75,62.75,61.66,62.549999,54.647812,6179700.0,2017-10-12,AIG
68,62.43,63.369999,62.240002,63.16,55.180752,7080400.0,2017-10-13,AIG
69,63.369999,64.050003,63.139999,63.98,55.897148,6550000.0,2017-10-16,AIG
70,63.849998,64.089996,63.470001,63.630001,55.591362,5381800.0,2017-10-17,AIG
71,63.880001,63.970001,63.25,63.439999,55.425365,4442700.0,2017-10-18,AIG
72,63.240002,65.150002,63.07,65.07,56.849438,7182000.0,2017-10-19,AIG
73,65.339996,65.550003,64.82,64.870003,56.674728,6871200.0,2017-10-20,AIG
74,65.160004,65.349998,64.800003,64.959999,56.753349,4108700.0,2017-10-23,AIG
75,65.019997,65.190002,64.800003,65.129997,56.901875,3823000.0,2017-10-24,AIG
76,65.18,65.379997,64.860001,65.099998,56.875652,4016400.0,2017-10-25,AIG
77,65.43,65.449997,64.440002,64.849998,56.657238,4041400.0,2017-10-26,AIG
78,64.760002,64.889999,63.970001,64.550003,56.395142,4020200.0,2017-10-27,AIG
79,64.010002,64.989998,64.010002,64.779999,56.596085,4030100.0,2017-10-30,AIG
80,64.68,64.949997,64.440002,64.610001,56.447567,3191500.0,2017-10-31,AIG
81,64.919998,65.089996,64.510002,64.660004,56.491245,3027400.0,2017-11-01,AIG
82,64.580002,65.300003,64.400002,64.980003,56.770821,4032100.0,2017-11-02,AIG
83,62.09,63.48,61.720001,62.0,54.167297,14417400.0,2017-11-03,AIG
84,61.799999,62.73,61.599998,62.490002,54.595394,7610700.0,2017-11-06,AIG
85,62.619999,63.080002,61.93,62.130001,54.280876,5968800.0,2017-11-07,AIG
86,62.119999,62.259998,61.549999,61.669998,53.878975,4741300.0,2017-11-08,AIG
87,61.5,62.389999,61.310001,62.240002,54.376968,4575000.0,2017-11-09,AIG
88,62.080002,62.330002,61.91,62.060001,54.219711,4422300.0,2017-11-10,AIG
89,61.68,62.099998,61.599998,62.0,54.167297,3605000.0,2017-11-13,AIG
90,61.610001,61.919998,61.259998,61.459999,53.695511,6800100.0,2017-11-14,AIG
91,61.049999,61.66,60.919998,61.139999,53.415932,4100300.0,2017-11-15,AIG
92,61.349998,61.41,59.950001,60.060001,52.472378,5642200.0,2017-11-16,AIG
93,59.779999,60.150002,59.41,60.060001,52.472378,5569700.0,2017-11-17,AIG
94,60.0,60.02,59.299999,59.689999,52.149124,6349100.0,2017-11-20,AIG
95,59.84,59.970001,59.52,59.630001,52.096718,4372500.0,2017-11-21,AIG
96,59.560001,59.669998,59.23,59.23,51.747242,3042100.0,2017-11-22,AIG
97,59.459999,59.48,58.98,59.029999,51.572502,1744100.0,2017-11-24,AIG
98,59.099998,59.189999,58.689999,58.759998,51.336613,4204700.0,2017-11-27,AIG
99,58.759998,60.029999,58.52,59.82,52.262703,6705500.0,2017-11-28,AIG
100,60.139999,61.099998,60.029999,60.299999,52.682056,7727400.0,2017-11-29,AIG
101,60.630001,60.630001,59.689999,59.959999,52.38501,6667200.0,2017-11-30,AIG
102,60.07,60.200001,58.98,59.880001,52.315117,4537800.0,2017-12-01,AIG
103,60.419998,60.48,59.040001,59.259998,51.773449,5815800.0,2017-12-04,AIG
104,59.25,59.939999,58.919998,59.529999,52.009335,4877100.0,2017-12-05,AIG
105,59.75,60.57,59.720001,60.029999,52.446167,4234400.0,2017-12-06,AIG
106,59.82,60.029999,59.419998,59.549999,52.30563,3591600.0,2017-12-07,AIG
107,59.630001,59.669998,59.189999,59.509998,52.270496,3401100.0,2017-12-08,AIG
108,59.360001,59.82,59.220001,59.790001,52.516438,4163500.0,2017-12-11,AIG
109,59.75,60.150002,59.66,59.93,52.639404,3681200.0,2017-12-12,AIG
110,59.919998,59.93,58.919998,58.970001,51.796188,5373100.0,2017-12-13,AIG
111,59.0,59.150002,57.849998,58.110001,51.040817,6959100.0,2017-12-14,AIG
112,58.369999,59.52,58.369999,59.389999,52.165108,8447100.0,2017-12-15,AIG
113,59.66,60.040001,59.32,59.580002,52.331985,5630800.0,2017-12-18,AIG
114,60.0,60.080002,59.75,59.779999,52.507652,3995300.0,2017-12-19,AIG
115,59.84,60.139999,59.59,60.0,52.700893,4377300.0,2017-12-20,AIG
116,60.25,60.669998,60.02,60.080002,52.771172,4941500.0,2017-12-21,AIG
117,60.27,60.360001,59.110001,59.310001,52.094841,4266300.0,2017-12-22,AIG
118,59.220001,59.790001,59.189999,59.43,52.200237,2358300.0,2017-12-26,AIG
119,59.290001,59.560001,59.189999,59.540001,52.296852,2841400.0,2017-12-27,AIG
120,59.700001,60.02,59.439999,60.0,52.700893,2373000.0,2017-12-28,AIG
121,59.970001,60.209999,59.580002,59.580002,52.331985,2837600.0,2017-12-29,AIG
122,60.0,60.0,59.119999,59.5,52.261719,3769600.0,2018-01-02,AIG
123,59.380001,60.279999,59.27,60.16,52.841423,4959200.0,2018-01-03,AIG
124,60.419998,61.049999,60.279999,60.400002,53.052235,4170600.0,2018-01-04,AIG
125,60.639999,60.790001,60.369999,60.650002,53.271828,3726100.0,2018-01-05,AIG
126,60.459999,60.529999,60.139999,60.25,52.920479,3229200.0,2018-01-08,AIG
127,60.360001,61.279999,60.25,60.630001,53.254261,6669100.0,2018-01-09,AIG
128,60.639999,61.349998,60.549999,61.0,53.579235,12261300.0,2018-01-10,AIG
129,61.240002,61.459999,61.049999,61.150002,53.710995,6536500.0,2018-01-11,AIG
130,60.950001,61.220001,60.790001,60.970001,53.552887,6240100.0,2018-01-12,AIG
131,61.139999,61.299999,60.889999,61.060001,53.631943,6078900.0,2018-01-16,AIG
132,61.400002,61.59,61.189999,61.419998,53.948147,4935700.0,2018-01-17,AIG
133,61.560001,61.779999,61.029999,61.529999,54.044769,5402100.0,2018-01-18,AIG
134,61.669998,61.849998,61.330002,61.549999,54.062328,6498700.0,2018-01-19,AIG
135,61.360001,61.360001,60.439999,61.0,53.579235,7217600.0,2018-01-22,AIG
136,60.849998,62.5,60.709999,62.34,54.756226,10001200.0,2018-01-23,AIG
137,62.470001,64.540001,62.41,64.32,56.495365,10387500.0,2018-01-24,AIG
138,64.349998,64.889999,63.830002,64.800003,56.916962,6113400.0,2018-01-25,AIG
139,64.620003,64.910004,64.239998,64.68,56.811562,5014100.0,2018-01-26,AIG
140,64.639999,65.050003,64.220001,64.260002,56.442654,4270500.0,2018-01-29,AIG
141,63.57,64.32,63.110001,63.349998,55.64336,4555700.0,2018-01-30,AIG
142,63.669998,64.099998,63.34,63.919998,56.144016,4909500.0,2018-01-31,AIG
143,63.740002,64.279999,63.299999,64.169998,56.363609,4120500.0,2018-02-01,AIG
144,63.880001,63.970001,62.869999,63.040001,55.371063,4294400.0,2018-02-02,AIG
145,62.290001,62.599998,60.450001,60.630001,53.254261,8578200.0,2018-02-05,AIG
146,59.68,60.68,59.040001,60.259998,52.929264,12035700.0,2018-02-06,AIG
147,60.0,61.299999,59.68,60.470001,53.113716,7719800.0,2018-02-07,AIG
148,60.450001,60.619999,58.27,58.279999,51.190136,7377600.0,2018-02-08,AIG
149,61.349998,61.700001,58.349998,60.220001,52.894127,15132000.0,2018-02-09,AIG
150,60.349998,60.419998,59.139999,59.610001,52.358337,6074100.0,2018-02-12,AIG
151,59.130001,59.75,58.68,59.43,52.200237,4948300.0,2018-02-13,AIG
152,59.119999,59.619999,58.68,59.41,52.182671,6742100.0,2018-02-14,AIG
153,59.66,59.799999,58.970001,59.23,52.024559,7869700.0,2018-02-15,AIG
154,59.099998,59.91,58.91,59.470001,52.235367,6828600.0,2018-02-16,AIG
155,59.27,60.16,59.23,60.040001,52.736023,5349100.0,2018-02-20,AIG
156,59.810001,61.360001,59.740002,60.18,52.858997,7203200.0,2018-02-21,AIG
157,60.32,60.959999,59.869999,59.959999,52.66576,23186900.0,2018-02-22,AIG
158,60.240002,60.5,59.59,60.07,52.762383,5612000.0,2018-02-23,AIG
159,59.970001,60.200001,58.470001,59.009998,51.831322,11793300.0,2018-02-26,AIG
160,58.98,59.630001,58.16,58.23,51.146217,8559300.0,2018-02-27,AIG
161,58.580002,58.849998,57.34,57.34,50.364491,9170500.0,2018-02-28,AIG
162,57.34,57.610001,56.080002,56.470001,49.600323,9758600.0,2018-03-01,AIG
163,56.110001,56.610001,55.07,56.509998,49.635452,8435000.0,2018-03-02,AIG
164,56.32,57.900002,56.32,57.619999,50.61042,9483100.0,2018-03-05,AIG
165,57.900002,58.25,57.080002,58.029999,50.970543,5520400.0,2018-03-06,AIG
166,57.560001,58.209999,57.169998,57.310001,50.338135,5873100.0,2018-03-07,AIG
167,57.439999,57.470001,55.529999,56.27,49.424656,12077600.0,2018-03-08,AIG
168,56.68,56.950001,55.98,56.57,49.688164,9719800.0,2018-03-09,AIG
169,56.68,57.48,56.419998,56.610001,49.723286,7615600.0,2018-03-12,AIG
170,56.77,56.970001,55.630001,55.939999,49.1348,7670200.0,2018-03-13,AIG
171,55.759998,55.869999,54.610001,54.93,48.525257,8079300.0,2018-03-14,AIG
172,54.93,55.18,54.549999,54.66,48.286732,8167800.0,2018-03-15,AIG
173,54.66,54.900002,54.029999,54.299999,47.968716,11138300.0,2018-03-16,AIG
174,54.369999,54.77,53.98,54.450001,48.101215,7014300.0,2018-03-19,AIG
175,54.639999,55.82,54.599998,55.630001,49.143635,9030100.0,2018-03-20,AIG
176,55.630001,56.400002,55.259998,55.84,49.329155,10173500.0,2018-03-21,AIG
177,55.299999,55.93,54.73,54.810001,48.419239,9088200.0,2018-03-22,AIG
178,55.0,55.18,53.34,53.41,47.182487,8215100.0,2018-03-23,AIG
179,54.07,54.860001,53.810001,54.209999,47.889206,6978100.0,2018-03-26,AIG
180,54.369999,54.98,53.450001,53.779999,47.509335,6637700.0,2018-03-27,AIG
181,53.880001,55.0,53.490002,54.52,48.163059,6870600.0,2018-03-28,AIG
182,54.57,54.779999,54.130001,54.419998,48.074722,4538000.0,2018-03-29,AIG
183,54.23,54.389999,52.419998,53.119999,46.9263,7341400.0,2018-04-02,AIG
184,53.209999,53.84,53.009998,53.73,47.465168,5608900.0,2018-04-03,AIG
185,53.029999,54.299999,52.75,54.220001,47.898041,4606400.0,2018-04-04,AIG
186,54.43,54.759998,54.150002,54.549999,48.18956,4993800.0,2018-04-05,AIG
187,54.139999,54.48,53.09,53.599998,47.350327,5138200.0,2018-04-06,AIG
188,53.66,54.09,53.080002,53.299999,47.085308,4697200.0,2018-04-09,AIG
189,53.82,54.139999,53.450001,53.52,47.279652,3824500.0,2018-04-10,AIG
190,52.939999,53.509998,52.939999,53.360001,47.138309,4242800.0,2018-04-11,AIG
191,53.68,53.970001,53.360001,53.490002,47.253151,4950100.0,2018-04-12,AIG
192,53.939999,54.09,53.240002,53.59,47.341492,4468700.0,2018-04-13,AIG
193,53.91,54.599998,53.639999,54.279999,47.951038,6509800.0,2018-04-16,AIG
194,54.400002,54.490002,54.07,54.259998,47.933369,5014400.0,2018-04-17,AIG
195,54.459999,54.639999,54.060001,54.459999,48.110058,3985600.0,2018-04-18,AIG
196,54.459999,55.27,54.459999,55.18,48.746109,5692600.0,2018-04-19,AIG
197,55.369999,55.66,54.939999,55.43,48.966949,5001500.0,2018-04-20,AIG
198,55.360001,55.369999,54.830002,55.18,48.746109,4393000.0,2018-04-23,AIG
199,54.98,55.459999,54.810001,55.09,48.666603,4935000.0,2018-04-24,AIG
200,55.119999,55.560001,54.860001,55.400002,48.940456,3158200.0,2018-04-25,AIG
201,55.310001,55.68,54.939999,55.540001,49.064129,3551200.0,2018-04-26,AIG
202,55.57,56.299999,55.57,56.25,49.691341,4837100.0,2018-04-27,AIG
203,56.529999,56.790001,56.0,56.0,49.47049,5628400.0,2018-04-30,AIG
204,55.900002,56.330002,55.380001,56.310001,49.744347,4196900.0,2018-05-01,AIG
205,55.919998,55.950001,54.59,54.84,48.445747,7199700.0,2018-05-02,AIG
206,50.790001,52.009998,49.57,51.939999,45.883869,23105800.0,2018-05-03,AIG
207,51.57,53.380001,51.5,52.84,46.678944,12504000.0,2018-05-04,AIG
208,52.650002,53.68,52.02,53.279999,47.067638,10194600.0,2018-05-07,AIG
209,53.360001,53.470001,52.580002,53.080002,46.890957,9111900.0,2018-05-08,AIG
210,53.09,53.389999,52.560001,52.82,46.66127,4536400.0,2018-05-09,AIG
211,52.880001,53.200001,52.52,52.75,46.599434,5415600.0,2018-05-10,AIG
212,52.810001,53.169998,52.68,52.849998,46.687778,3766500.0,2018-05-11,AIG
213,52.93,53.0,52.66,52.919998,46.749607,6183900.0,2018-05-14,AIG
214,52.830002,53.389999,52.810001,53.23,47.023468,4852700.0,2018-05-15,AIG
215,53.049999,53.740002,52.91,53.709999,47.447502,5461100.0,2018-05-16,AIG
216,54.490002,55.09,54.439999,54.790001,48.401577,8540800.0,2018-05-17,AIG
217,54.540001,55.450001,54.23,55.150002,48.719601,9821600.0,2018-05-18,AIG
218,55.360001,55.650002,55.220001,55.290001,48.843273,5076700.0,2018-05-21,AIG
219,55.23,55.459999,54.799999,55.119999,48.693096,5617100.0,2018-05-22,AIG
220,54.93,55.040001,53.759998,54.139999,47.827366,4298100.0,2018-05-23,AIG
221,53.970001,53.970001,53.200001,53.709999,47.447502,4167500.0,2018-05-24,AIG
222,53.57,53.610001,53.02,53.299999,47.085308,2884500.0,2018-05-25,AIG
223,52.610001,52.73,51.529999,52.18,46.095898,6583900.0,2018-05-29,AIG
224,52.84,53.189999,52.279999,53.07,46.882122,4317300.0,2018-05-30,AIG
225,52.720001,52.900002,52.43,52.790001,46.634769,5996300.0,2018-05-31,AIG
226,53.41,53.630001,53.130001,53.290001,47.076477,4449000.0,2018-06-01,AIG
227,53.610001,54.169998,53.48,53.779999,47.509335,3634900.0,2018-06-04,AIG
228,53.630001,53.939999,53.34,53.84,47.562344,3947300.0,2018-06-05,AIG
229,53.93,54.130001,53.25,53.939999,47.650688,5892500.0,2018-06-06,AIG
230,54.0,54.0,53.419998,53.869999,47.588837,5306500.0,2018-06-07,AIG
231,53.98,55.200001,53.830002,55.119999,48.693096,6956200.0,2018-06-08,AIG
232,55.200001,55.310001,54.82,55.130001,48.701939,3707000.0,2018-06-11,AIG
233,55.119999,55.330002,54.279999,54.560001,48.198395,4599800.0,2018-06-12,AIG
234,54.349998,55.549999,54.209999,54.700001,48.607155,6017400.0,2018-06-13,AIG
235,54.73,55.150002,54.439999,54.799999,48.696014,6715200.0,2018-06-14,AIG
236,54.959999,55.419998,54.669998,55.209999,49.060349,12584800.0,2018-06-15,AIG
237,54.52,55.630001,54.130001,55.549999,49.362473,6504200.0,2018-06-18,AIG
238,55.169998,55.810001,55.080002,55.5,49.31805,5325000.0,2018-06-19,AIG
239,55.599998,55.630001,55.209999,55.209999,49.060349,4537500.0,2018-06-20,AIG
240,55.200001,55.259998,54.110001,54.25,48.207287,5004700.0,2018-06-21,AIG
241,54.509998,54.650002,54.16,54.459999,48.393894,4778100.0,2018-06-22,AIG
242,54.459999,54.59,53.82,54.220001,48.180626,3477300.0,2018-06-25,AIG
243,54.169998,54.299999,53.099998,53.639999,47.665226,3586800.0,2018-06-26,AIG
244,53.52,53.849998,52.880001,52.880001,46.98988,4409100.0,2018-06-27,AIG
245,52.709999,53.41,52.25,53.23,47.300892,6015600.0,2018-06-28,AIG
246,53.599998,53.880001,52.98,53.02,47.114288,4348000.0,2018-06-29,AIG
247,52.84,53.369999,52.689999,53.360001,47.416412,5198800.0,2018-07-02,AIG
248,53.439999,54.09,53.310001,53.669998,47.691887,1970500.0,2018-07-03,AIG
249,53.990002,54.119999,53.52,53.919998,47.914043,2743800.0,2018-07-05,AIG
250,53.82,54.650002,53.580002,54.369999,48.313915,2212400.0,2018-07-06,AIG
251,54.669998,55.700001,54.529999,55.560001,49.371365,4706400.0,2018-07-09,AIG
252,55.77,55.799999,55.220001,55.459999,49.282501,3427500.0,2018-07-10,AIG
253,55.220001,55.349998,54.380001,54.560001,48.48275,2753300.0,2018-07-11,AIG
254,54.77,54.84,54.009998,54.299999,48.251717,2611800.0,2018-07-12,AIG
255,54.110001,54.360001,53.849998,54.240002,48.198399,2727400.0,2018-07-13,AIG
256,54.369999,54.880001,54.220001,54.77,48.669357,1975700.0,2018-07-16,AIG
257,54.959999,55.049999,54.599998,54.709999,48.616043,2248400.0,2018-07-17,AIG
258,54.66,55.34,54.459999,55.130001,48.989265,2759100.0,2018-07-18,AIG
259,54.900002,55.049999,53.68,53.849998,47.851833,4888700.0,2018-07-19,AIG
260,53.59,53.91,53.259998,53.32,47.380867,4888500.0,2018-07-20,AIG
261,53.25,53.639999,52.529999,53.400002,47.45195,4533700.0,2018-07-23,AIG
262,53.389999,54.139999,53.220001,53.700001,47.718544,3642100.0,2018-07-24,AIG
263,53.599998,53.73,52.98,53.57,47.603027,3412800.0,2018-07-25,AIG
264,53.779999,54.75,53.779999,54.25,48.207287,3820400.0,2018-07-26,AIG
265,54.259998,54.84,54.209999,54.360001,48.305027,3313500.0,2018-07-27,AIG
266,54.34,55.25,54.27,54.939999,48.820419,4214000.0,2018-07-30,AIG
267,55.240002,55.41,54.779999,55.209999,49.060349,5124000.0,2018-07-31,AIG
268,55.529999,56.360001,54.860001,54.990002,48.864857,5529200.0,2018-08-01,AIG
269,54.580002,55.549999,54.360001,55.16,49.015919,4729100.0,2018-08-02,AIG
270,53.110001,54.080002,52.360001,53.650002,47.67411,12219100.0,2018-08-03,AIG
271,53.52,53.529999,52.720001,53.419998,47.469727,6658300.0,2018-08-06,AIG
272,53.57,53.720001,52.939999,52.990002,47.087627,5182800.0,2018-08-07,AIG
273,52.950001,53.099998,52.299999,52.439999,46.598888,5512200.0,2018-08-08,AIG
274,52.360001,52.77,51.990002,52.0,46.207897,3460800.0,2018-08-09,AIG
275,51.630001,52.27,51.240002,52.220001,46.403397,5747000.0,2018-08-10,AIG
276,52.220001,52.560001,51.939999,52.099998,46.296757,5257900.0,2018-08-13,AIG
277,52.060001,52.5,51.790001,52.330002,46.501148,3185000.0,2018-08-14,AIG
278,52.07,52.189999,51.740002,52.099998,46.296757,3595000.0,2018-08-15,AIG
279,52.310001,52.790001,52.279999,52.459999,46.616661,5029300.0,2018-08-16,AIG
280,52.310001,52.77,52.080002,52.580002,46.723301,4425500.0,2018-08-17,AIG
281,52.59,53.220001,52.580002,53.16,47.238686,3209100.0,2018-08-20,AIG
282,53.139999,54.09,53.009998,53.799999,47.8074,5866400.0,2018-08-21,AIG
283,53.509998,53.580002,52.689999,53.130001,47.212029,4702600.0,2018-08-22,AIG
284,53.130001,53.130001,52.470001,52.610001,46.749947,4366600.0,2018-08-23,AIG
285,52.77,53.419998,52.619999,53.310001,47.371986,3017000.0,2018-08-24,AIG
286,53.59,54.66,53.419998,54.220001,48.180626,4617400.0,2018-08-27,AIG
287,54.220001,54.610001,53.860001,54.040001,48.020672,3607400.0,2018-08-28,AIG
288,54.0,54.02,53.650002,53.900002,47.896259,4297700.0,2018-08-29,AIG
289,53.849998,53.950001,53.27,53.639999,47.665226,2948000.0,2018-08-30,AIG
290,53.400002,53.400002,52.560001,53.169998,47.247578,4304400.0,2018-08-31,AIG
291,52.77,53.48,52.740002,53.369999,47.425301,3047000.0,2018-09-04,AIG
292,53.299999,53.889999,53.220001,53.82,47.825172,5203500.0,2018-09-05,AIG
293,53.900002,54.220001,53.59,53.900002,47.896259,4692100.0,2018-09-06,AIG
294,53.91,54.0,53.360001,53.669998,47.691887,2796900.0,2018-09-07,AIG
295,53.240002,53.240002,52.32,52.720001,46.847706,4536600.0,2018-09-10,AIG
296,52.25,52.549999,51.759998,52.369999,46.536686,5437200.0,2018-09-11,AIG
297,52.169998,52.5,51.810001,52.32,46.492252,4775500.0,2018-09-12,AIG
298,52.380001,52.939999,52.380001,52.669998,46.803272,3555400.0,2018-09-13,AIG
299,52.509998,53.490002,52.419998,53.25,47.607914,3669500.0,2018-09-14,AIG
300,53.34,53.41,53.009998,53.299999,47.652615,3765100.0,2018-09-17,AIG
301,53.299999,54.080002,53.139999,53.950001,48.233746,3885800.0,2018-09-18,AIG
302,54.110001,54.689999,53.889999,53.889999,48.180099,5049200.0,2018-09-19,AIG
303,54.25,54.720001,54.220001,54.32,48.564541,5064400.0,2018-09-20,AIG
304,54.439999,54.759998,54.220001,54.669998,48.877449,6440400.0,2018-09-21,AIG
305,54.59,54.939999,54.43,54.650002,48.859573,6603500.0,2018-09-24,AIG
306,54.669998,54.970001,54.23,54.41,48.645004,5749600.0,2018-09-25,AIG
307,54.459999,54.790001,53.98,54.049999,48.323147,4904700.0,2018-09-26,AIG
308,54.049999,54.09,53.389999,53.389999,47.733078,4089700.0,2018-09-27,AIG
309,52.970001,53.419998,52.529999,53.240002,47.598969,4463100.0,2018-09-28,AIG
310,53.439999,53.73,52.950001,53.080002,47.455925,3595000.0,2018-10-01,AIG
311,53.049999,53.259998,52.68,53.119999,47.49168,2519400.0,2018-10-02,AIG
312,53.5,53.860001,53.240002,53.27,47.62579,3591900.0,2018-10-03,AIG
313,53.330002,54.209999,53.310001,53.900002,48.189041,4804500.0,2018-10-04,AIG
314,54.0,54.439999,53.549999,53.599998,47.920826,2887100.0,2018-10-05,AIG
315,53.259998,54.439999,53.150002,54.049999,48.323147,3977300.0,2018-10-08,AIG
316,53.880001,54.139999,53.459999,53.82,48.117512,3625000.0,2018-10-09,AIG
317,53.549999,53.869999,52.380001,52.389999,46.839031,4572400.0,2018-10-10,AIG
318,52.32,52.349998,49.970001,50.139999,44.827431,9419600.0,2018-10-11,AIG
319,50.549999,50.549999,48.849998,49.77,44.496632,5886600.0,2018-10-12,AIG
320,49.75,50.049999,49.040001,49.049999,43.852921,5061900.0,2018-10-15,AIG
321,49.130001,49.330002,48.32,49.299999,44.076431,6663200.0,2018-10-16,AIG
322,49.200001,50.240002,48.700001,49.619999,44.36253,4906800.0,2018-10-17,AIG
323,49.509998,49.529999,47.869999,48.610001,43.459541,7381700.0,2018-10-18,AIG
324,47.25,48.040001,46.799999,47.200001,42.198936,9494800.0,2018-10-19,AIG
325,47.290001,47.389999,44.91,44.959999,40.196274,11050200.0,2018-10-22,AIG
326,44.279999,44.48,43.209999,44.18,39.498924,13635900.0,2018-10-23,AIG
327,44.02,44.049999,42.169998,42.23,37.755531,9763600.0,2018-10-24,AIG
328,42.419998,43.02,41.98,42.380001,37.889645,9842700.0,2018-10-25,AIG
329,42.040001,42.080002,40.48,40.919998,36.584339,11628800.0,2018-10-26,AIG
330,41.5,41.630001,39.599998,39.91,35.681343,12913600.0,2018-10-29,AIG
331,40.0,41.040001,39.290001,40.959999,36.620098,22028500.0,2018-10-30,AIG
332,42.130001,42.619999,41.200001,41.290001,36.915134,11324700.0,2018-10-31,AIG
333,43.360001,44.630001,42.619999,43.119999,38.551231,12040500.0,2018-11-01,AIG
334,43.419998,44.0,42.369999,43.279999,38.694279,9269700.0,2018-11-02,AIG
335,43.110001,44.23,43.09,44.130001,39.454216,7193400.0,2018-11-05,AIG
336,43.900002,45.0,43.580002,44.900002,40.142632,7541900.0,2018-11-06,AIG
337,44.310001,44.68,43.869999,44.43,39.722431,7472300.0,2018-11-07,AIG
338,44.119999,44.860001,44.080002,44.25,39.561504,6962000.0,2018-11-08,AIG
339,44.099998,44.400002,43.580002,43.82,39.177059,5400000.0,2018-11-09,AIG
340,43.720001,43.830002,42.389999,42.470001,37.970104,5148400.0,2018-11-12,AIG
341,42.560001,43.169998,42.099998,42.16,37.692944,6009900.0,2018-11-13,AIG
342,42.5,43.080002,41.650002,41.939999,37.496254,9771500.0,2018-11-14,AIG
343,41.59,42.93,41.209999,42.689999,38.166798,7205700.0,2018-11-15,AIG
344,42.400002,43.360001,42.32,42.939999,38.390305,9154700.0,2018-11-16,AIG
345,42.860001,43.34,42.59,43.299999,38.712158,8538400.0,2018-11-19,AIG
346,42.869999,43.279999,42.5,43.060001,38.497597,9681100.0,2018-11-20,AIG
347,43.110001,44.34,42.91,43.860001,39.212826,8342000.0,2018-11-21,AIG
348,43.450001,44.02,43.299999,43.369999,38.774742,2962600.0,2018-11-23,AIG
349,43.900002,44.48,43.779999,43.849998,39.203884,7361300.0,2018-11-26,AIG
350,43.619999,43.759998,43.060001,43.43,38.828384,5013400.0,2018-11-27,AIG
351,43.52,44.459999,42.869999,44.32,39.624088,6101400.0,2018-11-28,AIG
352,43.91,44.310001,43.240002,43.439999,38.83733,6477100.0,2018-11-29,AIG
353,43.369999,43.560001,42.400002,43.25,38.667454,10036800.0,2018-11-30,AIG
354,43.84,44.07,42.900002,43.18,38.60487,18618900.0,2018-12-03,AIG
355,43.060001,43.459999,40.700001,40.77,36.45023,9380100.0,2018-12-04,AIG
356,39.959999,40.150002,38.5,39.41,35.234329,14400100.0,2018-12-06,AIG
357,39.259998,40.02,37.830002,37.900002,33.884319,9247900.0,2018-12-07,AIG
358,37.599998,37.700001,36.16,37.509998,33.535641,12287500.0,2018-12-10,AIG
359,37.610001,38.299999,36.32,36.59,32.994595,11912500.0,2018-12-11,AIG
360,37.0,38.240002,36.66,37.68,33.977493,8573000.0,2018-12-12,AIG
361,37.580002,38.009998,37.009998,37.290001,33.625809,9853600.0,2018-12-13,AIG
362,37.0,37.73,36.880001,37.490002,33.80616,8176100.0,2018-12-14,AIG
363,37.41,38.330002,37.139999,37.459999,33.779114,10291900.0,2018-12-17,AIG
364,37.75,38.689999,37.349998,37.560001,33.869286,7215100.0,2018-12-18,AIG
365,37.610001,39.959999,37.610001,39.34,35.474377,16477400.0,2018-12-19,AIG
366,39.060001,39.57,37.959999,38.150002,34.401302,9617400.0,2018-12-20,AIG
367,37.959999,39.139999,37.240002,37.400002,33.72501,14026400.0,2018-12-21,AIG
368,37.080002,38.34,36.560001,37.330002,33.661877,5266300.0,2018-12-24,AIG
369,37.330002,38.619999,36.540001,38.59,34.798073,6190300.0,2018-12-26,AIG
370,38.240002,39.330002,37.75,39.330002,35.465355,6799200.0,2018-12-27,AIG
371,39.5,39.73,38.360001,38.619999,34.825123,6410300.0,2018-12-28,AIG
372,38.68,39.41,38.41,39.41,35.537498,6028200.0,2018-12-31,AIG
373,38.900002,39.720001,38.669998,39.619999,35.726856,4516200.0,2019-01-02,AIG
374,39.439999,39.610001,38.68,38.75,34.942348,5058200.0,2019-01-03,AIG
375,39.389999,40.220001,39.34,40.18,36.231838,4823100.0,2019-01-04,AIG
376,40.029999,41.380001,39.830002,40.41,36.439236,5014300.0,2019-01-07,AIG
377,40.77,41.040001,40.09,40.57,36.583508,3909400.0,2019-01-08,AIG
378,40.57,41.560001,40.560001,41.16,37.115536,4272800.0,2019-01-09,AIG
379,41.139999,41.59,40.810001,41.419998,37.349991,3250200.0,2019-01-10,AIG
380,41.139999,41.939999,40.919998,41.66,37.566406,4806800.0,2019-01-11,AIG
381,41.279999,42.290001,41.150002,42.0,37.873001,4711900.0,2019-01-14,AIG
382,42.040001,42.470001,41.779999,42.450001,38.278778,5341400.0,2019-01-15,AIG
383,42.580002,43.400002,42.150002,43.130001,38.89196,5299000.0,2019-01-16,AIG
384,42.849998,43.52,42.439999,43.290001,39.03624,4980800.0,2019-01-17,AIG
385,43.529999,44.169998,43.32,44.16,39.820751,5152800.0,2019-01-18,AIG
386,43.779999,43.970001,43.099998,43.360001,39.099361,5775500.0,2019-01-22,AIG
387,43.509998,43.59,42.32,42.82,38.612415,4165000.0,2019-01-23,AIG
388,42.689999,43.580002,42.599998,42.939999,38.720627,3709000.0,2019-01-24,AIG
389,43.34,43.669998,43.060001,43.18,38.937046,4762700.0,2019-01-25,AIG
390,43.0,43.07,42.27,42.82,38.612415,4146700.0,2019-01-28,AIG
391,42.650002,42.759998,42.209999,42.259998,38.107445,3545500.0,2019-01-29,AIG
392,42.349998,43.110001,42.099998,42.810001,38.603401,4519900.0,2019-01-30,AIG
393,42.490002,43.32,42.360001,43.23,38.982143,6456600.0,2019-01-31,AIG
394,43.450001,43.830002,43.049999,43.82,39.514164,3383400.0,2019-02-01,AIG
395,43.68,44.25,43.619999,44.0,39.676468,8672900.0,2019-02-04,AIG
396,43.82,43.849998,43.290001,43.66,39.369888,10111900.0,2019-02-05,AIG
397,43.650002,43.84,43.450001,43.650002,39.360859,4817400.0,2019-02-06,AIG
398,43.23,43.5,42.349998,42.830002,38.621441,6976900.0,2019-02-07,AIG
399,42.599998,42.709999,41.830002,42.450001,38.278778,4922200.0,2019-02-08,AIG
400,42.669998,43.16,42.529999,43.049999,38.819828,5160300.0,2019-02-11,AIG
401,43.419998,44.25,43.369999,43.830002,39.523178,3964400.0,2019-02-12,AIG
402,44.02,44.580002,43.950001,44.18,39.838783,5290400.0,2019-02-13,AIG
403,42.09,42.299999,40.0,40.189999,36.240849,22229200.0,2019-02-14,AIG
404,40.68,42.349998,40.540001,42.32,38.161549,16385400.0,2019-02-15,AIG
405,42.169998,43.099998,41.830002,42.990002,38.76572,8824000.0,2019-02-19,AIG
406,42.939999,43.290001,42.41,43.290001,39.03624,5647400.0,2019-02-20,AIG
407,43.209999,43.549999,42.75,43.009998,38.783756,5419200.0,2019-02-21,AIG
408,43.130001,43.330002,42.740002,42.869999,38.657509,4929500.0,2019-02-22,AIG
409,43.189999,44.380001,43.060001,43.830002,39.523178,11727000.0,2019-02-25,AIG
410,43.630001,44.740002,43.610001,43.860001,39.550236,7704100.0,2019-02-26,AIG
411,43.849998,43.889999,43.169998,43.470001,39.198544,4748300.0,2019-02-27,AIG
412,43.689999,43.759998,43.099998,43.200001,38.955074,4908300.0,2019-02-28,AIG
413,43.48,43.66,43.049999,43.23,38.982143,5349000.0,2019-03-01,AIG
414,43.419998,43.950001,42.650002,43.509998,39.234619,9514400.0,2019-03-04,AIG
415,43.48,43.490002,42.630001,43.169998,38.928032,4588800.0,2019-03-05,AIG
416,43.080002,43.330002,42.360001,42.5,38.323864,5266500.0,2019-03-06,AIG
417,42.150002,42.43,41.57,41.810001,37.701672,5967000.0,2019-03-07,AIG
418,41.299999,42.23,41.110001,42.200001,38.053349,4195800.0,2019-03-08,AIG
419,42.459999,43.080002,42.330002,42.82,38.612415,3056900.0,2019-03-11,AIG
420,42.84,43.43,42.82,43.049999,38.819828,3611600.0,2019-03-12,AIG
421,43.310001,44.150002,43.18,43.790001,39.487106,5940300.0,2019-03-13,AIG
422,43.48,43.98,43.369999,43.75,39.741447,4759300.0,2019-03-14,AIG
423,43.59,44.130001,43.59,44.040001,40.004887,7435900.0,2019-03-15,AIG
424,44.27,44.68,44.189999,44.279999,40.222893,4745200.0,2019-03-18,AIG
425,44.549999,45.0,43.77,43.860001,39.841377,5090400.0,2019-03-19,AIG
426,43.669998,44.009998,42.830002,42.959999,39.023834,4823800.0,2019-03-20,AIG
427,42.560001,43.869999,42.509998,43.43,39.450775,4711100.0,2019-03-21,AIG
428,43.0,43.130001,42.189999,42.619999,38.714985,5410600.0,2019-03-22,AIG
429,42.669998,42.91,42.169998,42.450001,38.56057,3914800.0,2019-03-25,AIG
430,42.779999,43.279999,42.650002,43.049999,39.105595,2958400.0,2019-03-26,AIG
431,43.080002,43.459999,42.98,43.139999,39.187344,3075200.0,2019-03-27,AIG
432,43.259998,43.5,42.41,43.099998,39.151016,2978300.0,2019-03-28,AIG
433,43.450001,43.57,42.849998,43.060001,39.11467,4308800.0,2019-03-29,AIG
434,43.52,44.279999,43.459999,43.990002,39.959461,3715100.0,2019-04-01,AIG
435,43.959999,44.330002,43.34,43.549999,39.55978,3424000.0,2019-04-02,AIG
436,43.939999,44.169998,43.689999,43.869999,39.850452,3490300.0,2019-04-03,AIG
437,43.889999,44.709999,43.82,44.599998,40.513573,3753400.0,2019-04-04,AIG
438,44.700001,45.299999,44.66,45.049999,40.92234,4063900.0,2019-04-05,AIG
439,44.970001,45.150002,44.619999,44.869999,40.758831,2147000.0,2019-04-08,AIG
440,44.59,44.73,44.099998,44.630001,40.540825,3397000.0,2019-04-09,AIG
441,44.57,45.009998,44.23,44.880001,40.767914,1904100.0,2019-04-10,AIG
442,45.389999,45.82,45.080002,45.709999,41.521866,4330300.0,2019-04-11,AIG
443,46.0,46.950001,45.970001,46.189999,41.95789,4937300.0,2019-04-12,AIG
444,46.169998,46.299999,45.720001,45.799999,41.603615,3766200.0,2019-04-15,AIG
445,46.049999,46.889999,46.040001,46.740002,42.4575,4709600.0,2019-04-16,AIG
446,46.75,46.799999,45.619999,45.970001,41.758053,3650600.0,2019-04-17,AIG
447,45.900002,46.439999,45.810001,46.040001,41.821636,3729300.0,2019-04-18,AIG
448,45.990002,46.299999,45.720001,46.0,41.785301,2631000.0,2019-04-22,AIG
449,45.799999,46.060001,45.560001,45.98,41.767132,5036400.0,2019-04-23,AIG
450,45.740002,46.200001,45.630001,45.740002,41.549122,4050600.0,2019-04-24,AIG
451,45.48,45.68,44.919998,45.189999,41.049515,6002300.0,2019-04-25,AIG
452,45.200001,46.09,44.939999,46.049999,41.830715,3070600.0,2019-04-26,AIG
453,46.150002,47.119999,46.080002,46.990002,42.684593,4449400.0,2019-04-29,AIG
454,47.0,47.599998,46.849998,47.57,43.211449,5439800.0,2019-04-30,AIG
455,47.5,47.799999,46.849998,46.869999,42.575581,4274000.0,2019-05-01,AIG
456,47.02,47.450001,46.490002,46.799999,42.512001,4753400.0,2019-05-02,AIG
457,46.900002,47.369999,46.740002,47.110001,42.793594,6361000.0,2019-05-03,AIG
458,46.290001,47.110001,46.150002,47.110001,42.793594,6001600.0,2019-05-06,AIG
459,50.740002,51.310001,50.0,50.299999,45.691315,29260800.0,2019-05-07,AIG
460,50.040001,51.98,49.830002,49.959999,45.382465,11033100.0,2019-05-08,AIG
461,49.689999,50.919998,49.380001,50.830002,46.17276,6068200.0,2019-05-09,AIG
462,50.48,51.669998,50.099998,51.639999,46.908539,5779500.0,2019-05-10,AIG
463,50.98,51.279999,50.07,50.720001,46.072842,5894900.0,2019-05-13,AIG
464,50.73,51.869999,50.73,51.48,46.763203,6844000.0,2019-05-14,AIG
465,51.080002,52.18,50.810001,51.849998,47.099297,6163800.0,2019-05-15,AIG
466,51.959999,52.970001,51.959999,52.23,47.444485,5450300.0,2019-05-16,AIG
467,51.669998,52.689999,51.560001,52.369999,47.571644,4924400.0,2019-05-17,AIG
468,52.43,53.02,52.16,52.43,47.626156,5713500.0,2019-05-20,AIG
469,52.779999,52.82,52.09,52.5,47.689732,4628600.0,2019-05-21,AIG
470,52.310001,52.869999,52.09,52.560001,47.744251,4408600.0,2019-05-22,AIG
471,52.220001,52.23,51.529999,52.200001,47.417233,5085900.0,2019-05-23,AIG
472,52.459999,52.84,52.189999,52.759998,47.925915,3341000.0,2019-05-24,AIG
473,52.59,53.040001,52.009998,52.07,47.299141,5962400.0,2019-05-28,AIG
474,51.919998,51.950001,51.18,51.619999,46.890373,3947700.0,2019-05-29,AIG
475,51.790001,52.25,51.59,51.939999,47.181042,3288200.0,2019-05-30,AIG
476,51.400002,51.490002,50.66,51.07,46.390766,5120800.0,2019-05-31,AIG
477,51.060001,52.75,50.919998,52.709999,47.880508,7097600.0,2019-06-03,AIG
478,53.18,53.91,52.869999,53.830002,48.897884,6775100.0,2019-06-04,AIG
479,53.34,53.720001,52.689999,53.68,48.761631,5480300.0,2019-06-05,AIG
480,53.59,54.169998,53.380001,53.549999,48.643539,4764200.0,2019-06-06,AIG
481,53.509998,53.759998,52.91,52.91,48.062172,5206000.0,2019-06-07,AIG
482,53.099998,53.549999,52.970001,53.330002,48.443695,4645800.0,2019-06-10,AIG
483,53.599998,53.759998,52.759998,53.080002,48.216602,3587300.0,2019-06-11,AIG
484,53.150002,53.240002,52.619999,52.959999,48.107605,2842400.0,2019-06-12,AIG
485,52.700001,53.450001,52.639999,53.200001,48.619377,3860400.0,2019-06-13,AIG
486,53.27,53.43,52.849998,53.310001,48.719906,3206900.0,2019-06-14,AIG
487,53.419998,53.599998,52.939999,52.990002,48.427464,2711100.0,2019-06-17,AIG
488,52.889999,53.549999,52.860001,53.349998,48.756466,3313800.0,2019-06-18,AIG
489,53.5,53.939999,53.400002,53.599998,48.984936,4029000.0,2019-06-19,AIG
490,53.98,54.360001,53.32,54.25,49.578976,5000700.0,2019-06-20,AIG
491,54.639999,54.73,53.630001,53.650002,49.030632,5462500.0,2019-06-21,AIG
492,53.630001,54.07,53.209999,53.32,48.729046,2745200.0,2019-06-24,AIG
493,53.23,53.529999,52.509998,52.73,48.18985,5504100.0,2019-06-25,AIG
494,52.939999,52.959999,52.099998,52.259998,47.760315,3883400.0,2019-06-26,AIG
495,52.369999,53.09,52.23,53.049999,48.482296,3878300.0,2019-06-27,AIG
496,53.220001,53.419998,52.91,53.279999,48.692497,5214800.0,2019-06-28,AIG
497,53.529999,53.970001,53.169998,53.84,49.204273,3200800.0,2019-07-01,AIG
498,53.880001,53.889999,53.139999,53.790001,49.158588,3374800.0,2019-07-02,AIG
499,54.0,55.060001,53.84,54.830002,50.109039,2948700.0,2019-07-03,AIG
500,54.849998,54.990002,54.23,54.610001,49.907978,2514000.0,2019-07-05,AIG
501,54.599998,55.16,54.389999,54.959999,50.22784,4378600.0,2019-07-08,AIG
502,54.68,55.529999,54.560001,55.52,50.739624,3617100.0,2019-07-09,AIG
503,55.540001,56.0,55.5,55.73,50.931549,3898300.0,2019-07-10,AIG
504,55.830002,56.150002,55.27,55.48,50.703064,3389300.0,2019-07-11,AIG
505,55.849998,56.349998,55.509998,56.27,51.425045,2957700.0,2019-07-12,AIG
506,56.349998,56.490002,56.110001,56.240002,51.397629,2900700.0,2019-07-15,AIG
507,56.41,56.48,56.02,56.029999,51.205708,2250600.0,2019-07-16,AIG
508,56.0,56.099998,54.880001,55.369999,50.602539,3679400.0,2019-07-17,AIG
509,55.450001,55.779999,55.34,55.599998,50.812737,4175600.0,2019-07-18,AIG
510,56.07,56.68,55.810001,55.939999,51.123459,4852800.0,2019-07-19,AIG
511,55.77,56.130001,55.639999,55.880001,51.068626,2069600.0,2019-07-22,AIG
512,55.869999,56.290001,55.509998,56.290001,51.443325,2160300.0,2019-07-23,AIG
513,56.009998,57.490002,56.0,57.389999,52.448608,3909800.0,2019-07-24,AIG
514,57.580002,57.59,56.939999,57.080002,52.165302,2459300.0,2019-07-25,AIG
515,56.990002,57.330002,56.799999,57.27,52.338947,2899300.0,2019-07-26,AIG
516,57.080002,57.220001,56.349998,56.48,51.616966,2565100.0,2019-07-29,AIG
517,56.099998,56.459999,55.700001,56.32,51.470737,1828900.0,2019-07-30,AIG
518,56.419998,56.939999,55.529999,55.990002,51.169159,3179200.0,2019-07-31,AIG
519,55.73,56.400002,54.23,54.709999,49.999367,4706600.0,2019-08-01,AIG
520,54.549999,54.860001,54.0,54.330002,49.652081,2683600.0,2019-08-02,AIG
521,53.459999,53.740002,52.290001,52.810001,48.262966,4323200.0,2019-08-05,AIG
522,52.84,54.41,52.700001,54.380001,49.697777,4247700.0,2019-08-06,AIG
523,53.310001,54.630001,52.889999,54.41,49.725193,4302000.0,2019-08-07,AIG
524,56.919998,57.48,55.68,56.82,51.927689,8893700.0,2019-08-08,AIG
525,56.5,56.75,55.849998,56.259998,51.415905,3987100.0,2019-08-09,AIG
526,55.84,55.900002,54.599998,55.080002,50.337509,3576200.0,2019-08-12,AIG
527,54.830002,56.5,54.66,56.119999,51.28796,4522200.0,2019-08-13,AIG
528,55.09,55.400002,52.939999,53.389999,48.793026,8548900.0,2019-08-14,AIG
529,53.52,53.990002,53.27,53.740002,49.112885,4125000.0,2019-08-15,AIG
530,54.27,54.73,53.869999,54.310001,49.633801,4042200.0,2019-08-16,AIG
531,55.029999,55.200001,54.529999,54.810001,50.090752,3319400.0,2019-08-19,AIG
532,54.669998,54.669998,53.369999,53.43,48.829578,3551200.0,2019-08-20,AIG
533,53.950001,53.950001,53.310001,53.689999,49.067184,2464800.0,2019-08-21,AIG
534,53.98,54.32,53.59,53.75,49.122021,2326600.0,2019-08-22,AIG
535,53.509998,54.330002,52.150002,52.490002,47.970509,3712200.0,2019-08-23,AIG
536,52.709999,53.110001,52.419998,53.080002,48.509716,2212600.0,2019-08-26,AIG
537,53.27,53.470001,52.200001,52.740002,48.19899,2747800.0,2019-08-27,AIG
538,52.529999,52.959999,52.299999,52.450001,47.93396,2481500.0,2019-08-28,AIG
539,52.98,53.18,52.400002,52.459999,47.943089,2921100.0,2019-08-29,AIG
540,52.880001,52.880001,51.799999,52.040001,47.559258,4565000.0,2019-08-30,AIG
541,51.75,52.490002,51.650002,52.400002,47.88826,2897700.0,2019-09-03,AIG
542,52.959999,54.419998,52.709999,54.400002,49.716057,3846900.0,2019-09-04,AIG
543,55.150002,55.860001,54.619999,54.68,49.971951,3124000.0,2019-09-05,AIG
544,54.610001,55.380001,54.529999,54.849998,50.127304,1901200.0,2019-09-06,AIG
545,55.080002,55.470001,54.700001,55.41,50.639099,2898500.0,2019-09-09,AIG
546,55.439999,55.98,55.240002,55.5,50.721344,3170500.0,2019-09-10,AIG
547,55.48,56.630001,54.77,56.599998,51.726631,3093900.0,2019-09-11,AIG
548,56.139999,57.110001,56.029999,56.759998,51.872852,3263600.0,2019-09-12,AIG
549,57.080002,57.459999,56.790001,57.290001,52.357224,3324700.0,2019-09-13,AIG
550,56.220001,56.68,55.93,56.32,51.75985,2793600.0,2019-09-16,AIG
551,56.18,57.150002,56.099998,57.080002,52.458321,4317400.0,2019-09-17,AIG
552,56.669998,57.669998,56.439999,57.650002,52.982166,4292100.0,2019-09-18,AIG
553,57.799999,58.66,57.57,57.889999,53.202732,4671800.0,2019-09-19,AIG
554,58.220001,58.349998,57.290001,57.450001,52.798359,6534700.0,2019-09-20,AIG
555,57.099998,57.73,56.959999,57.299999,52.660503,2752500.0,2019-09-23,AIG
556,57.529999,57.700001,56.82,57.0,52.384792,3592400.0,2019-09-24,AIG
557,56.880001,57.23,56.43,56.529999,51.952847,3355300.0,2019-09-25,AIG
558,56.599998,56.599998,55.540001,55.880001,51.355476,3206200.0,2019-09-26,AIG
559,56.220001,56.529999,55.849998,56.16,51.612808,3496300.0,2019-09-27,AIG
560,56.299999,56.360001,55.549999,55.700001,51.190052,3424500.0,2019-09-30,AIG
561,55.93,55.990002,54.240002,54.369999,49.967747,3643000.0,2019-10-01,AIG
562,54.09,54.25,53.299999,53.470001,49.140621,3492000.0,2019-10-02,AIG
563,53.189999,53.740002,52.709999,53.209999,48.901665,3702700.0,2019-10-03,AIG
564,53.189999,54.529999,53.189999,54.43,50.022881,3298100.0,2019-10-04,AIG
565,54.220001,54.290001,53.610001,53.630001,49.287655,2592200.0,2019-10-07,AIG
566,52.919998,53.080002,52.389999,52.419998,48.175636,3763600.0,2019-10-08,AIG
567,52.77,53.360001,52.639999,53.040001,48.74543,2943600.0,2019-10-09,AIG
568,53.139999,54.450001,52.990002,54.060001,49.682842,3962000.0,2019-10-10,AIG
569,54.889999,55.639999,54.330002,54.419998,50.013687,4531400.0,2019-10-11,AIG
570,53.91,54.349998,53.630001,54.209999,49.820702,1980600.0,2019-10-14,AIG
571,54.349998,54.98,54.290001,54.68,50.252644,2215500.0,2019-10-15,AIG
572,54.369999,54.560001,53.700001,54.34,49.940166,3429200.0,2019-10-16,AIG
573,54.709999,54.82,53.919998,54.060001,49.682842,2494600.0,2019-10-17,AIG
574,53.900002,54.279999,53.860001,53.970001,49.600132,2344000.0,2019-10-18,AIG
575,54.509998,54.880001,54.439999,54.549999,50.133167,2069600.0,2019-10-21,AIG
576,54.290001,54.290001,53.16,53.240002,48.929237,3381800.0,2019-10-22,AIG
577,53.060001,53.299999,52.68,53.150002,48.846523,2669900.0,2019-10-23,AIG
578,53.369999,53.580002,52.720001,52.900002,48.616768,1665700.0,2019-10-24,AIG
579,52.720001,52.91,52.34,52.799999,48.524857,2084400.0,2019-10-25,AIG
580,53.029999,53.310001,52.529999,52.549999,48.295101,3817200.0,2019-10-28,AIG
581,52.349998,52.68,51.209999,52.099998,47.881535,7845800.0,2019-10-29,AIG
582,52.189999,52.900002,51.700001,52.610001,48.350246,3961400.0,2019-10-30,AIG
583,52.360001,53.02,51.900002,52.959999,48.671906,5172400.0,2019-10-31,AIG
584,51.990002,53.889999,51.599998,53.759998,49.407135,5378700.0,2019-11-01,AIG
585,54.080002,55.389999,53.93,54.93,50.482399,4657800.0,2019-11-04,AIG
586,55.220001,55.220001,54.259998,54.810001,50.37212,4342400.0,2019-11-05,AIG
587,54.900002,55.57,54.610001,55.52,51.024628,3733100.0,2019-11-06,AIG
588,55.709999,56.330002,55.549999,55.59,51.088955,3280800.0,2019-11-07,AIG
589,55.639999,55.939999,55.040001,55.91,51.383049,2750600.0,2019-11-08,AIG
590,55.43,56.040001,55.290001,55.400002,50.914349,2568800.0,2019-11-11,AIG
591,55.330002,55.77,55.049999,55.41,50.923538,3162700.0,2019-11-12,AIG
592,55.119999,55.220001,54.68,54.720001,50.289406,2673600.0,2019-11-13,AIG
593,54.720001,54.970001,53.880001,54.189999,49.802311,3468900.0,2019-11-14,AIG
594,54.470001,54.919998,53.669998,53.93,49.563366,3404100.0,2019-11-15,AIG
595,53.650002,54.16,53.5,54.150002,49.765556,2398600.0,2019-11-18,AIG
596,54.240002,54.32,53.41,53.41,49.085472,3394500.0,2019-11-19,AIG
597,53.360001,53.419998,52.639999,52.93,48.644329,5093400.0,2019-11-20,AIG
598,52.959999,53.0,52.200001,52.209999,47.982635,4337600.0,2019-11-21,AIG
599,52.34,53.330002,52.23,53.299999,48.984375,4522500.0,2019-11-22,AIG
600,53.349998,53.73,53.200001,53.310001,48.993568,3072800.0,2019-11-25,AIG
601,53.310001,53.73,52.93,53.169998,48.864906,7197500.0,2019-11-26,AIG
602,53.189999,53.389999,52.759998,52.889999,48.607574,3770800.0,2019-11-27,AIG
603,52.84,53.169998,52.59,52.66,48.396202,2865500.0,2019-11-29,AIG
604,52.740002,52.77,51.66,51.66,47.477169,4180800.0,2019-12-02,AIG
605,51.200001,51.380001,50.34,51.169998,47.026844,5785600.0,2019-12-03,AIG
606,51.470001,51.830002,51.099998,51.110001,46.971703,4212900.0,2019-12-04,AIG
607,51.189999,51.52,50.950001,51.139999,46.999271,3131300.0,2019-12-05,AIG
608,51.73,52.119999,51.150002,51.860001,47.660976,6731900.0,2019-12-06,AIG
609,51.720001,52.529999,51.5,51.580002,47.403645,3701100.0,2019-12-09,AIG
610,51.549999,51.849998,51.040001,51.080002,46.94413,4634300.0,2019-12-10,AIG
611,50.82,50.900002,50.27,50.41,46.620441,4413100.0,2019-12-11,AIG
612,50.43,51.419998,50.27,51.029999,47.193825,6080200.0,2019-12-12,AIG
613,51.150002,52.029999,51.119999,51.599998,47.720982,5316800.0,2019-12-13,AIG
614,52.0,52.310001,51.75,51.900002,47.998428,5857000.0,2019-12-16,AIG
615,51.830002,52.380001,51.720001,51.790001,47.89669,3258500.0,2019-12-17,AIG
616,51.75,52.349998,51.57,51.970001,48.063171,5090000.0,2019-12-18,AIG
617,51.75,52.080002,51.450001,51.93,48.026176,4493900.0,2019-12-19,AIG
618,52.099998,52.189999,51.509998,51.540001,47.665493,7345400.0,2019-12-20,AIG
619,51.540001,51.599998,50.709999,50.970001,47.13834,4175000.0,2019-12-23,AIG
620,50.790001,51.450001,50.790001,50.939999,47.1106,1138600.0,2019-12-24,AIG
621,51.049999,51.189999,50.57,50.619999,46.814651,2811100.0,2019-12-26,AIG
622,50.759998,51.080002,50.580002,51.07,47.230827,2374800.0,2019-12-27,AIG
623,51.220001,51.23,50.779999,51.0,47.166092,2706300.0,2019-12-30,AIG
624,51.0,51.369999,50.880001,51.330002,47.471283,2912500.0,2019-12-31,AIG
625,51.639999,51.869999,51.240002,51.759998,47.868942,3104600.0,2020-01-02,AIG
626,51.23,51.470001,50.939999,51.360001,47.499027,2358800.0,2020-01-03,AIG
627,51.130001,51.639999,51.040001,51.400002,47.536022,2699700.0,2020-01-06,AIG
628,51.349998,51.43,50.720001,51.110001,47.267818,4580100.0,2020-01-07,AIG
629,51.110001,52.25,51.110001,51.709999,47.822708,4832100.0,2020-01-08,AIG
630,52.07,52.290001,51.66,52.279999,48.349865,3219800.0,2020-01-09,AIG
631,52.299999,52.639999,51.880001,52.029999,48.118656,5483000.0,2020-01-10,AIG
632,52.09,52.619999,51.82,52.619999,48.664295,6039500.0,2020-01-13,AIG
633,52.57,53.099998,52.18,52.34,48.405357,5277000.0,2020-01-14,AIG
634,52.009998,52.330002,51.400002,51.779999,47.887451,4095000.0,2020-01-15,AIG
635,52.119999,52.580002,52.119999,52.360001,48.423851,3822200.0,2020-01-16,AIG
636,52.529999,53.080002,52.529999,52.900002,48.923256,5818600.0,2020-01-17,AIG
637,52.549999,52.700001,51.580002,51.669998,47.785713,4215100.0,2020-01-21,AIG
638,51.860001,52.439999,51.639999,52.259998,48.331367,4341500.0,2020-01-22,AIG
639,51.720001,51.950001,51.25,51.610001,47.730228,3307100.0,2020-01-23,AIG
640,51.669998,51.669998,50.5,51.060001,47.221573,3227100.0,2020-01-24,AIG
641,50.099998,50.34,49.889999,50.130001,46.361488,3634700.0,2020-01-27,AIG
642,50.400002,50.93,50.290001,50.41,46.620441,4131900.0,2020-01-28,AIG
643,50.59,50.849998,50.330002,50.349998,46.564949,2964400.0,2020-01-29,AIG
644,50.0,51.349998,49.91,51.299999,47.443535,2979300.0,2020-01-30,AIG
645,50.75,51.150002,49.939999,50.259998,46.481716,5736100.0,2020-01-31,AIG
646,50.52,51.380001,50.43,51.16,47.314064,2916600.0,2020-02-03,AIG
647,51.790001,52.080002,50.580002,50.650002,46.842403,3441100.0,2020-02-04,AIG
648,51.380001,52.650002,51.27,52.48,48.534832,4408400.0,2020-02-05,AIG
649,52.869999,53.599998,52.639999,53.41,49.394913,5286400.0,2020-02-06,AIG
650,52.98,53.759998,52.93,53.459999,49.441158,3766300.0,2020-02-07,AIG
651,53.459999,54.150002,53.360001,54.139999,50.070034,2756800.0,2020-02-10,AIG
652,54.34,54.84,54.18,54.470001,50.375233,4656800.0,2020-02-11,AIG
653,54.900002,55.099998,54.279999,54.279999,50.199509,3984100.0,2020-02-12,AIG
654,55.77,56.419998,50.900002,50.93,47.101341,13179800.0,2020-02-13,AIG
655,49.860001,50.66,48.290001,48.48,44.835526,11891200.0,2020-02-14,AIG
656,48.110001,49.009998,47.84,49.009998,45.32568,9403400.0,2020-02-18,AIG
657,49.400002,49.779999,49.099998,49.41,45.695614,5755700.0,2020-02-19,AIG
658,49.41,49.939999,49.200001,49.799999,46.056297,5507100.0,2020-02-20,AIG
659,49.549999,49.779999,48.59,48.599998,44.946503,4913600.0,2020-02-21,AIG
660,47.5,47.689999,45.59,45.700001,42.264519,9774200.0,2020-02-24,AIG
661,45.849998,46.34,45.189999,45.240002,41.839088,8706000.0,2020-02-25,AIG
662,45.490002,46.130001,44.73,45.0,41.617138,7269800.0,2020-02-26,AIG
663,44.34,45.189999,43.389999,43.41,40.146667,7159300.0,2020-02-27,AIG
664,42.279999,42.950001,41.310001,42.16,38.990627,10908300.0,2020-02-28,AIG
665,42.110001,42.889999,41.43,42.849998,39.628757,10262100.0,2020-03-02,AIG
666,42.68,43.880001,41.169998,41.490002,38.370998,11832200.0,2020-03-03,AIG
667,41.91,42.650002,41.369999,42.540001,39.342072,8324100.0,2020-03-04,AIG
668,41.0,41.709999,40.18,40.650002,37.594139,9251400.0,2020-03-05,AIG
669,39.16,39.549999,37.419998,37.84,34.995388,14681300.0,2020-03-06,AIG
670,34.610001,35.0,30.41,32.810001,30.343519,19741400.0,2020-03-09,AIG
671,34.580002,37.18,33.169998,35.07,32.43362,10322100.0,2020-03-10,AIG
672,33.68,34.299999,31.9,32.43,29.992083,10814400.0,2020-03-11,AIG
673,29.66,29.780001,25.5,25.67,23.740263,13594500.0,2020-03-12,AIG
674,27.549999,28.58,25.09,28.5,26.690233,11920600.0,2020-03-13,AIG
675,23.879999,25.32,22.4,23.25,21.773615,15835900.0,2020-03-16,AIG
676,23.98,24.030001,20.52,22.25,20.837114,15057900.0,2020-03-17,AIG
677,20.620001,21.290001,16.07,18.780001,17.58746,13531000.0,2020-03-18,AIG
678,18.49,21.379999,17.52,20.6,19.291889,11718600.0,2020-03-19,AIG
679,20.809999,21.25,19.139999,19.23,18.008883,12948400.0,2020-03-20,AIG
680,18.959999,20.08,18.08,19.299999,18.074438,9604500.0,2020-03-23,AIG
681,21.030001,23.299999,20.74,22.93,21.473938,11436800.0,2020-03-24,AIG
682,23.200001,27.75,22.030001,25.719999,24.086765,14365100.0,2020-03-25,AIG
683,25.809999,27.700001,25.5,27.51,25.763103,11282600.0,2020-03-26,AIG
684,26.0,26.76,25.01,25.51,23.890104,9473500.0,2020-03-27,AIG
685,25.0,25.99,24.07,25.709999,24.077402,8377600.0,2020-03-30,AIG
686,25.48,25.790001,23.879999,24.25,22.710112,9554500.0,2020-03-31,AIG
687,22.700001,22.870001,21.01,21.610001,20.237755,10498700.0,2020-04-01,AIG
688,21.110001,22.83,21.08,21.25,19.900614,9317500.0,2020-04-02,AIG
689,21.25,21.690001,19.9,20.459999,19.16078,9573000.0,2020-04-03,AIG
690,21.950001,22.190001,20.82,21.52,20.153471,15414300.0,2020-04-06,AIG
691,23.459999,24.959999,22.9,23.26,21.782978,12731300.0,2020-04-07,AIG
692,23.76,24.58,23.25,24.129999,22.597731,8539500.0,2020-04-08,AIG
693,24.950001,27.65,24.889999,26.540001,24.854698,11974600.0,2020-04-09,AIG
694,26.639999,27.0,24.43,25.629999,24.002483,7367800.0,2020-04-13,AIG
695,26.299999,27.1,25.23,25.780001,24.142958,8139700.0,2020-04-14,AIG
696,24.200001,24.450001,23.27,24.08,22.550907,9225200.0,2020-04-15,AIG
697,23.85,24.120001,22.940001,23.18,21.708061,8829400.0,2020-04-16,AIG
698,24.23,24.809999,23.83,24.5,22.944241,11039800.0,2020-04-17,AIG
699,24.01,24.280001,23.040001,23.75,22.241861,6502900.0,2020-04-20,AIG
700,22.5,23.309999,22.139999,22.25,20.837114,7213100.0,2020-04-21,AIG
701,23.08,23.540001,22.139999,22.26,20.846479,8232200.0,2020-04-22,AIG
702,22.629999,23.42,22.389999,22.66,21.221079,7604000.0,2020-04-23,AIG
703,23.139999,23.700001,22.469999,23.35,21.867266,9295600.0,2020-04-24,AIG
704,23.469999,24.540001,23.469999,24.18,22.64456,7602700.0,2020-04-27,AIG
705,25.09,25.690001,24.41,25.280001,23.674707,9513900.0,2020-04-28,AIG
706,26.290001,27.41,26.0,27.23,25.500885,9621700.0,2020-04-29,AIG
707,26.709999,26.809999,25.389999,25.43,23.815184,6637600.0,2020-04-30,AIG
708,24.52,24.67,23.549999,23.9,22.382339,6410000.0,2020-05-01,AIG
709,23.84,24.43,23.120001,24.07,22.541544,9321900.0,2020-05-04,AIG
710,24.709999,26.309999,24.610001,25.059999,23.468679,8944300.0,2020-05-05,AIG
711,25.209999,25.360001,23.23,23.309999,21.829805,7824700.0,2020-05-06,AIG
712,23.799999,25.549999,23.77,25.52,23.899467,8239200.0,2020-05-07,AIG
713,26.280001,27.700001,25.809999,27.65,25.894209,9829300.0,2020-05-08,AIG
714,27.309999,27.940001,26.709999,27.549999,25.800562,8112100.0,2020-05-11,AIG
715,27.75,28.33,26.549999,26.549999,24.864061,5604500.0,2020-05-12,AIG
716,26.09,26.190001,24.76,24.959999,23.375027,6238300.0,2020-05-13,AIG
717,24.450001,25.879999,23.48,25.76,24.124228,6954500.0,2020-05-14,AIG
718,25.67,26.530001,25.1,26.469999,24.789141,8185500.0,2020-05-15,AIG
719,28.0,28.969999,27.870001,28.450001,26.64341,8773500.0,2020-05-18,AIG
720,28.18,28.610001,27.43,27.629999,25.875481,5550300.0,2020-05-19,AIG
721,28.200001,28.639999,27.889999,28.040001,26.259447,5175400.0,2020-05-20,AIG
722,27.99,29.23,27.940001,28.809999,26.980553,5473900.0,2020-05-21,AIG
723,28.860001,28.969999,28.209999,28.889999,27.055471,3727900.0,2020-05-22,AIG
724,30.280001,31.74,30.280001,31.01,29.040852,8361400.0,2020-05-26,AIG
725,32.599998,32.959999,31.209999,31.51,29.509102,8387500.0,2020-05-27,AIG
726,31.969999,32.189999,30.82,31.120001,29.143867,5810300.0,2020-05-28,AIG
727,30.459999,31.040001,29.969999,30.059999,28.151175,8763200.0,2020-05-29,AIG
728,30.110001,30.969999,29.76,30.549999,28.61006,4297800.0,2020-06-01,AIG
729,30.809999,31.76,30.5,31.49,29.490372,6668700.0,2020-06-02,AIG
730,32.529999,33.470001,32.259998,33.25,31.138607,6238100.0,2020-06-03,AIG
731,32.889999,35.220001,32.580002,35.209999,32.97414,8438700.0,2020-06-04,AIG
732,38.689999,38.970001,36.18,36.360001,34.051121,10453100.0,2020-06-05,AIG
733,37.310001,39.509998,37.310001,39.439999,36.935543,10596700.0,2020-06-08,AIG
734,38.0,38.349998,36.830002,37.740002,35.343491,7047600.0,2020-06-09,AIG
735,37.25,37.299999,35.150002,35.16,32.927322,8569300.0,2020-06-10,AIG
736,32.5,33.869999,31.299999,31.610001,29.602753,9228600.0,2020-06-11,AIG
737,33.5,33.580002,31.24,33.040001,31.258383,7489700.0,2020-06-12,AIG
738,31.299999,33.57,31.120001,33.189999,31.400293,6942400.0,2020-06-15,AIG
739,35.490002,35.5,32.740002,33.290001,31.494904,7393200.0,2020-06-16,AIG
740,33.060001,33.330002,32.139999,32.279999,30.539364,5963800.0,2020-06-17,AIG
741,31.870001,33.0,31.540001,32.470001,30.71912,4065200.0,2020-06-18,AIG
742,33.360001,33.360001,31.67,31.809999,30.094707,7776400.0,2020-06-19,AIG
743,31.540001,32.049999,31.07,31.790001,30.075788,3955700.0,2020-06-22,AIG
744,32.48,32.73,31.92,32.049999,30.321766,3322900.0,2020-06-23,AIG
745,31.4,31.639999,30.110001,30.299999,28.666136,5960500.0,2020-06-24,AIG
746,30.0,31.34,29.809999,31.26,29.574368,5781000.0,2020-06-25,AIG
747,30.719999,30.879999,29.49,29.709999,28.107944,8006500.0,2020-06-26,AIG
748,30.25,30.889999,29.879999,30.68,29.025642,5484900.0,2020-06-29,AIG
749,30.450001,31.4,30.290001,31.18,29.498682,4660800.0,2020-06-30,AIG
750,31.01,31.57,29.5,29.58,27.984959,6984500.0,2020-07-01,AIG
751,30.549999,31.209999,29.84,29.92,28.306622,7866800.0,2020-07-02,AIG
752,30.950001,31.549999,30.469999,30.74,29.082407,6132400.0,2020-07-06,AIG
753,30.32,30.440001,29.110001,29.17,27.597067,7413100.0,2020-07-07,AIG
754,28.85,29.940001,28.82,29.85,28.240402,7727600.0,2020-07-08,AIG
755,29.709999,29.780001,27.98,28.0,26.490156,7357000.0,2020-07-09,AIG
756,28.219999,30.129999,28.059999,30.1,28.476915,7443500.0,2020-07-10,AIG
757,30.299999,30.67,29.6,29.719999,28.117409,6132200.0,2020-07-13,AIG
758,29.870001,30.82,29.379999,30.790001,29.129711,5494600.0,2020-07-14,AIG
759,31.719999,32.02,31.09,31.77,30.056868,6813400.0,2020-07-15,AIG
760,31.35,33.040001,31.18,32.560001,30.804272,6855100.0,2020-07-16,AIG
761,32.709999,32.860001,31.77,32.119999,30.387993,4333400.0,2020-07-17,AIG
762,31.99,32.02,31.4,31.41,29.71628,4364400.0,2020-07-20,AIG
763,31.719999,32.330002,31.459999,31.959999,30.23662,4618400.0,2020-07-21,AIG
764,31.58,32.299999,31.42,32.189999,30.454218,5729500.0,2020-07-22,AIG
765,31.950001,32.380001,31.66,31.870001,30.151476,4965000.0,2020-07-23,AIG
766,31.889999,32.049999,31.200001,31.309999,29.621672,3960900.0,2020-07-24,AIG
767,31.1,31.15,30.4,30.85,29.186476,5143600.0,2020-07-27,AIG
768,30.6,31.280001,30.389999,30.950001,29.281086,5220700.0,2020-07-28,AIG
769,30.879999,32.93,30.879999,32.669998,30.908333,10100400.0,2020-07-29,AIG
770,31.74,31.950001,31.07,31.780001,30.066328,7075800.0,2020-07-30,AIG
771,31.709999,32.150002,31.4,32.139999,30.406916,6244600.0,2020-07-31,AIG
772,32.209999,32.689999,32.029999,32.139999,30.406916,5834900.0,2020-08-03,AIG
773,31.059999,31.309999,29.459999,29.719999,28.117409,17448400.0,2020-08-04,AIG
774,30.0,30.559999,29.809999,30.18,28.552607,7344800.0,2020-08-05,AIG
775,30.4,30.9,29.280001,29.32,27.738976,9162800.0,2020-08-06,AIG
776,29.17,30.67,28.969999,30.66,29.006721,6015200.0,2020-08-07,AIG
777,31.0,31.67,30.98,31.459999,29.76358,4596400.0,2020-08-10,AIG
778,32.639999,32.900002,31.75,31.98,30.255543,6370800.0,2020-08-11,AIG
779,32.52,32.650002,30.59,30.940001,29.271624,6704000.0,2020-08-12,AIG
780,30.51,30.93,30.120001,30.709999,29.054024,6252100.0,2020-08-13,AIG
781,30.379999,31.42,30.23,30.99,29.318926,4862800.0,2020-08-14,AIG
782,30.889999,30.9,29.85,29.959999,28.344467,5643400.0,2020-08-17,AIG
783,30.059999,30.200001,29.49,29.58,27.984959,7880800.0,2020-08-18,AIG
784,29.5,30.049999,29.309999,29.860001,28.249857,4870100.0,2020-08-19,AIG
785,29.370001,29.629999,29.09,29.129999,27.559225,4702200.0,2020-08-20,AIG
786,29.110001,29.27,28.23,28.27,26.745596,7366500.0,2020-08-21,AIG
787,28.52,29.57,28.280001,29.549999,27.956573,5511100.0,2020-08-24,AIG
788,29.99,30.200001,29.26,29.52,27.928194,4134200.0,2020-08-25,AIG
789,29.459999,29.51,28.74,29.059999,27.492996,3738700.0,2020-08-26,AIG
790,29.1,30.049999,29.09,29.68,28.079567,4973400.0,2020-08-27,AIG
791,30.120001,30.120001,29.23,29.370001,27.786283,6036400.0,2020-08-28,AIG
792,29.25,29.33,28.709999,29.139999,27.568682,7539800.0,2020-08-31,AIG
793,28.870001,29.360001,28.67,29.15,27.578142,4930500.0,2020-09-01,AIG
794,29.27,29.860001,28.73,29.83,28.221476,6534000.0,2020-09-02,AIG
795,30.0,30.959999,29.23,29.4,27.814667,7003900.0,2020-09-03,AIG
796,30.0,30.219999,29.25,29.799999,28.193096,5783000.0,2020-09-04,AIG
797,29.379999,29.549999,28.57,28.889999,27.332167,7124700.0,2020-09-08,AIG
798,29.16,29.25,28.43,29.15,27.578142,7432400.0,2020-09-09,AIG
799,29.27,29.58,28.030001,28.16,26.641527,7754900.0,2020-09-10,AIG
800,28.219999,28.790001,28.08,28.4,26.868587,8491800.0,2020-09-11,AIG
801,28.77,29.6,28.6,29.4,27.814667,6254800.0,2020-09-14,AIG
802,29.360001,29.809999,28.92,28.93,27.370008,6438600.0,2020-09-15,AIG
803,28.76,30.059999,28.59,29.77,28.479733,10798100.0,2020-09-16,AIG
804,29.209999,29.450001,28.610001,28.700001,27.456108,11420800.0,2020-09-17,AIG
805,28.5,28.99,27.92,27.99,26.776878,13427100.0,2020-09-18,AIG
806,27.139999,27.41,26.51,26.98,25.810652,11872500.0,2020-09-21,AIG
807,26.950001,27.719999,26.85,27.34,26.155052,10055000.0,2020-09-22,AIG
808,27.469999,28.120001,26.4,26.43,25.284491,6986700.0,2020-09-23,AIG
809,26.4,27.09,25.57,26.48,25.332325,5686900.0,2020-09-24,AIG
810,26.129999,27.15,26.120001,27.07,25.896753,4886900.0,2020-09-25,AIG
811,27.66,28.040001,27.42,27.629999,26.43248,7610400.0,2020-09-28,AIG
812,27.540001,27.65,26.959999,27.290001,26.10722,4282100.0,2020-09-29,AIG
813,27.42,27.940001,27.25,27.530001,26.336819,5338400.0,2020-09-30,AIG
814,27.559999,28.01,27.309999,27.719999,26.518579,5155400.0,2020-10-01,AIG
815,27.190001,28.48,27.07,28.219999,26.99691,4558100.0,2020-10-02,AIG
816,28.77,29.42,28.58,29.049999,27.790936,5326100.0,2020-10-05,AIG
817,29.4,29.98,28.93,28.98,27.723972,8161300.0,2020-10-06,AIG
818,29.280001,29.68,28.959999,29.559999,28.278831,4976700.0,2020-10-07,AIG
819,29.809999,30.48,29.35,30.26,28.948494,5610700.0,2020-10-08,AIG
820,30.43,30.57,29.75,29.950001,28.651932,8058000.0,2020-10-09,AIG
821,29.870001,30.629999,29.76,30.459999,29.139826,7711600.0,2020-10-12,AIG
822,30.17,30.280001,29.49,29.82,28.527565,7574000.0,2020-10-13,AIG
823,29.790001,30.360001,29.530001,29.65,28.364931,6996200.0,2020-10-14,AIG
824,29.16,29.98,29.120001,29.959999,28.661497,3554600.0,2020-10-15,AIG
825,30.01,30.66,29.709999,30.290001,28.977196,4893700.0,2020-10-16,AIG
826,30.41,30.83,30.02,30.09,28.785862,5425900.0,2020-10-19,AIG
827,30.450001,31.23,30.4,30.65,29.32159,5481500.0,2020-10-20,AIG
828,30.58,31.84,30.5,31.67,30.297384,6869100.0,2020-10-21,AIG
829,31.540001,32.150002,31.219999,32.009998,30.622644,5411000.0,2020-10-22,AIG
830,32.400002,32.639999,31.75,32.380001,30.976612,4375400.0,2020-10-23,AIG
831,31.870001,31.91,30.74,31.26,29.905153,6021600.0,2020-10-26,AIG
832,33.279999,33.290001,31.15,31.16,29.809488,12065700.0,2020-10-27,AIG
833,30.42,30.969999,29.889999,30.23,28.919796,8129300.0,2020-10-28,AIG
834,30.0,31.42,29.709999,31.290001,29.933853,7436500.0,2020-10-29,AIG
835,31.08,31.77,30.77,31.49,30.125185,6373300.0,2020-10-30,AIG
836,32.25,32.740002,31.9,32.450001,31.043575,7278700.0,2020-11-02,AIG
837,32.950001,33.189999,32.709999,32.889999,31.464508,7168900.0,2020-11-03,AIG
838,32.330002,32.610001,31.280001,31.59,30.220854,5424400.0,2020-11-04,AIG
839,31.83,33.599998,31.82,33.43,31.981102,6467100.0,2020-11-05,AIG
840,34.040001,35.5,32.759998,33.16,31.722805,8329900.0,2020-11-06,AIG
841,36.959999,38.630001,36.509998,37.52,35.893833,13776300.0,2020-11-09,AIG
842,37.889999,38.599998,37.240002,38.23,36.573063,10213700.0,2020-11-10,AIG
843,37.860001,37.91,36.740002,37.349998,35.731205,7211300.0,2020-11-11,AIG
844,37.029999,37.029999,35.549999,36.060001,34.49712,6847100.0,2020-11-12,AIG
845,36.459999,37.41,36.290001,37.32,35.702507,5073800.0,2020-11-13,AIG
846,38.59,38.68,37.919998,38.490002,36.8218,6015400.0,2020-11-16,AIG
847,37.84,38.700001,37.66,38.419998,36.754829,4626900.0,2020-11-17,AIG
848,38.25,39.360001,38.029999,38.549999,36.879196,6265100.0,2020-11-18,AIG
849,37.990002,38.599998,37.470001,38.540001,36.869629,4225200.0,2020-11-19,AIG
850,38.650002,38.860001,38.0,38.610001,36.9366,5571900.0,2020-11-20,AIG
851,39.380001,39.950001,38.810001,39.77,38.046322,4759600.0,2020-11-23,AIG
852,40.790001,41.57,40.27,40.98,39.203876,6017800.0,2020-11-24,AIG
853,40.27,40.5,39.709999,40.119999,38.381145,3811100.0,2020-11-25,AIG
854,39.950001,40.16,39.450001,39.709999,37.988922,2046800.0,2020-11-27,AIG
855,39.099998,39.610001,38.400002,38.439999,36.773964,6425700.0,2020-11-30,AIG
856,39.5,39.779999,39.09,39.310001,37.606266,6245700.0,2020-12-01,AIG
857,39.060001,39.889999,38.759998,39.73,38.008053,5175400.0,2020-12-02,AIG
858,39.669998,40.27,39.52,39.84,38.113285,4581300.0,2020-12-03,AIG
859,40.25,40.810001,40.150002,40.689999,38.926449,4597600.0,2020-12-04,AIG
860,40.279999,40.34,39.57,39.790001,38.065453,4478500.0,2020-12-07,AIG
861,39.279999,39.950001,39.18,39.52,37.807159,3322600.0,2020-12-08,AIG
862,39.91,40.290001,39.560001,39.939999,38.20895,5388400.0,2020-12-09,AIG
863,39.279999,39.939999,39.060001,39.709999,37.988922,4716300.0,2020-12-10,AIG
864,38.830002,39.169998,38.560001,38.790001,37.410263,5299000.0,2020-12-11,AIG
865,39.299999,39.369999,38.080002,38.16,36.80267,3942000.0,2020-12-14,AIG
866,38.48,38.869999,37.650002,38.540001,37.169155,3292700.0,2020-12-15,AIG
867,38.759998,38.77,38.080002,38.32,36.956978,3691200.0,2020-12-16,AIG
868,38.32,38.349998,37.830002,38.23,36.870182,5233200.0,2020-12-17,AIG
869,38.200001,38.459999,36.970001,37.48,36.146858,9293000.0,2020-12-18,AIG
870,37.110001,37.669998,36.779999,37.369999,36.040768,5341700.0,2020-12-21,AIG
871,37.560001,37.619999,36.77,36.799999,35.491047,5374200.0,2020-12-22,AIG
872,37.25,38.040001,37.240002,37.439999,36.10828,3890600.0,2020-12-23,AIG
873,37.48,37.5,36.970001,37.369999,36.040768,1613800.0,2020-12-24,AIG
874,37.549999,38.02,37.029999,37.07,35.751438,3837300.0,2020-12-28,AIG
875,37.360001,37.43,36.919998,37.16,35.838238,4047300.0,2020-12-29,AIG
876,37.110001,38.040001,37.099998,37.52,36.185436,2522200.0,2020-12-30,AIG
877,37.529999,37.959999,37.23,37.860001,36.51334,2956200.0,2020-12-31,AIG
878,37.650002,37.950001,36.82,37.130001,35.809307,7081000.0,2021-01-04,AIG
879,37.279999,38.009998,37.18,37.75,36.407257,4268000.0,2021-01-05,AIG
880,38.619999,40.66,38.619999,40.209999,38.779755,8198600.0,2021-01-06,AIG
881,40.779999,41.040001,40.349998,40.889999,39.43557,5109700.0,2021-01-07,AIG
882,41.0,41.119999,40.009998,40.619999,39.175167,5344800.0,2021-01-08,AIG
883,39.919998,40.790001,39.709999,40.279999,38.847263,3457000.0,2021-01-11,AIG
884,40.66,41.259998,40.57,41.0,39.54166,3975800.0,2021-01-12,AIG
885,40.689999,41.119999,40.43,40.720001,39.271614,3608400.0,2021-01-13,AIG
886,41.0,41.450001,40.68,41.299999,39.830986,3984000.0,2021-01-14,AIG
887,40.880001,41.509998,40.529999,41.349998,39.879204,7124400.0,2021-01-15,AIG
888,41.580002,42.419998,41.52,42.25,40.747196,5159400.0,2021-01-19,AIG
889,42.23,42.57,42.0,42.080002,40.583237,6421300.0,2021-01-20,AIG
890,41.950001,42.139999,41.049999,41.049999,39.58987,5608300.0,2021-01-21,AIG
891,40.529999,40.93,39.959999,40.080002,38.654385,4752300.0,2021-01-22,AIG
892,39.529999,39.799999,38.990002,39.580002,38.172165,4084100.0,2021-01-25,AIG
893,39.869999,39.939999,39.009998,39.110001,37.718884,3741300.0,2021-01-26,AIG
894,38.57,38.740002,37.099998,37.599998,36.262589,5772000.0,2021-01-27,AIG
895,38.060001,38.93,37.93,38.48,37.11129,5048200.0,2021-01-28,AIG
896,38.110001,38.110001,36.799999,37.439999,36.10828,5291000.0,2021-01-29,AIG
897,37.73,37.91,36.869999,37.419998,36.088989,3649500.0,2021-02-01,AIG
898,38.09,38.990002,37.849998,38.57,37.198086,4878200.0,2021-02-02,AIG
899,38.529999,39.349998,38.48,38.950001,37.564571,4680700.0,2021-02-03,AIG
900,39.189999,41.349998,38.950001,41.34,39.86956,5088100.0,2021-02-04,AIG
901,41.82,41.93,41.18,41.68,40.197464,3968200.0,2021-02-05,AIG
902,41.650002,42.32,41.470001,42.290001,40.78577,3899600.0,2021-02-08,AIG
903,42.119999,42.509998,41.75,42.139999,40.641102,3464700.0,2021-02-09,AIG
904,42.349998,42.77,41.959999,42.43,40.920788,3705300.0,2021-02-10,AIG
905,42.330002,42.529999,41.290001,41.599998,40.120312,3445600.0,2021-02-11,AIG
906,41.459999,42.189999,41.189999,41.400002,39.927425,4154900.0,2021-02-12,AIG
907,41.740002,42.630001,41.509998,42.150002,40.650749,4937300.0,2021-02-16,AIG
908,41.279999,43.360001,41.169998,43.27,41.730911,4872000.0,2021-02-17,AIG
909,42.459999,43.0,41.490002,42.110001,40.612171,4032600.0,2021-02-18,AIG
910,42.5,42.82,42.080002,42.580002,41.06546,3664200.0,2021-02-19,AIG
911,42.5,44.349998,42.459999,44.099998,42.531387,6263200.0,2021-02-22,AIG
912,44.740002,44.740002,43.84,44.369999,42.791782,5021600.0,2021-02-23,AIG
913,44.509998,45.959999,44.459999,45.43,43.814087,4552800.0,2021-02-24,AIG
914,45.970001,46.130001,43.880001,43.950001,42.386726,5388400.0,2021-02-25,AIG
915,45.0,45.25,43.630001,43.950001,42.386726,6181100.0,2021-02-26,AIG
916,44.900002,48.0,44.759998,45.310001,43.698353,7864700.0,2021-03-01,AIG
917,45.259998,46.279999,45.220001,45.959999,44.325226,4611100.0,2021-03-02,AIG
918,46.049999,47.68,46.049999,47.009998,45.337879,5633200.0,2021-03-03,AIG
919,47.18,47.580002,44.98,46.27,44.624207,4876400.0,2021-03-04,AIG
920,46.939999,47.27,45.900002,46.970001,45.299305,5327800.0,2021-03-05,AIG
921,47.610001,48.220001,47.139999,47.240002,45.5597,5921200.0,2021-03-08,AIG
922,46.57,47.240002,45.810001,46.619999,44.96175,5638400.0,2021-03-09,AIG
923,46.970001,48.009998,46.700001,47.849998,46.147999,3822600.0,2021-03-10,AIG
924,47.66,48.380001,47.5,48.009998,46.302307,4514600.0,2021-03-11,AIG
925,48.84,48.919998,48.290001,48.439999,46.717018,3069500.0,2021-03-12,AIG
926,48.07,48.400002,47.52,48.34,46.930603,2994000.0,2021-03-15,AIG
927,47.939999,48.009998,46.880001,47.330002,45.95005,4247300.0,2021-03-16,AIG
928,47.630001,48.029999,47.150002,47.669998,46.28014,5361400.0,2021-03-17,AIG
929,48.080002,49.0,47.740002,47.82,46.425762,5577600.0,2021-03-18,AIG
930,47.490002,47.619999,46.560001,46.830002,45.464634,7285700.0,2021-03-19,AIG
931,46.560001,46.650002,45.82,46.23,44.882118,4907000.0,2021-03-22,AIG
932,45.720001,46.189999,44.799999,44.98,43.668564,3497800.0,2021-03-23,AIG
933,45.599998,46.150002,44.950001,44.990002,43.678276,3813500.0,2021-03-24,AIG
934,45.060001,46.599998,44.540001,46.5,45.144253,4707200.0,2021-03-25,AIG
935,47.040001,47.299999,46.209999,46.82,45.454922,3801800.0,2021-03-26,AIG
936,46.130001,47.060001,45.93,46.580002,45.22192,4409400.0,2021-03-29,AIG
937,46.970001,47.57,46.599998,47.34,45.959759,3525300.0,2021-03-30,AIG
938,46.93,47.380001,46.189999,46.209999,44.862705,4318700.0,2021-03-31,AIG
939,45.990002,46.43,45.880001,46.380001,45.027752,3547700.0,2021-04-01,AIG
940,46.950001,47.16,46.5,46.75,45.386955,3437700.0,2021-04-05,AIG
941,46.700001,47.040001,46.240002,46.66,45.299583,3753100.0,2021-04-06,AIG
942,46.68,47.099998,46.470001,47.080002,45.707348,2719700.0,2021-04-07,AIG
943,46.5,46.549999,45.790001,46.060001,44.717083,3474900.0,2021-04-08,AIG
944,46.450001,46.650002,46.040001,46.599998,45.241333,3141600.0,2021-04-09,AIG
945,46.700001,47.23,46.610001,47.16,45.785004,3095300.0,2021-04-12,AIG
946,46.720001,47.09,46.25,46.689999,45.328709,2958100.0,2021-04-13,AIG
947,46.599998,47.810001,46.599998,47.490002,46.105385,3391100.0,2021-04-14,AIG
948,47.48,47.48,46.43,46.66,45.299583,4451900.0,2021-04-15,AIG
949,47.110001,47.689999,46.860001,47.099998,45.726757,4369100.0,2021-04-16,AIG
950,47.139999,47.279999,46.389999,46.73,45.367542,2809200.0,2021-04-19,AIG
951,46.470001,46.650002,45.23,45.529999,44.20253,4262000.0,2021-04-20,AIG
952,45.389999,46.799999,45.189999,46.759998,45.396667,3682500.0,2021-04-21,AIG
953,46.68,47.200001,46.290001,46.459999,45.105415,4388500.0,2021-04-22,AIG
954,46.619999,47.549999,46.349998,47.34,45.959759,3242100.0,2021-04-23,AIG
955,47.669998,48.549999,47.450001,47.529999,46.144215,3203500.0,2021-04-26,AIG
956,47.380001,48.52,47.380001,48.439999,47.027691,3580400.0,2021-04-27,AIG
957,48.470001,48.73,48.029999,48.209999,46.804398,2703400.0,2021-04-28,AIG
958,48.75,49.419998,48.57,48.939999,47.513107,3800600.0,2021-04-29,AIG
959,48.66,49.09,48.310001,48.450001,47.037403,3201200.0,2021-04-30,AIG
960,48.98,49.459999,48.650002,49.049999,47.619904,2585600.0,2021-05-03,AIG
961,48.900002,49.299999,48.389999,48.400002,46.988857,6640800.0,2021-05-04,AIG
962,48.459999,49.080002,48.07,48.869999,47.445148,8786400.0,2021-05-05,AIG
963,49.0,50.349998,48.669998,50.169998,48.707249,5557800.0,2021-05-06,AIG
964,50.169998,51.5,49.689999,51.189999,49.697506,5582200.0,2021-05-07,AIG
965,51.32,52.700001,51.299999,51.919998,50.406223,6870100.0,2021-05-10,AIG
966,51.720001,51.860001,49.919998,50.380001,48.911125,4646600.0,2021-05-11,AIG
967,51.009998,51.040001,49.919998,50.080002,48.619869,5970600.0,2021-05-12,AIG
968,49.709999,51.259998,49.709999,50.849998,49.36742,5064400.0,2021-05-13,AIG
969,51.0,51.900002,50.849998,51.900002,50.38681,4844800.0,2021-05-14,AIG
970,51.75,51.900002,51.060001,51.57,50.066433,3247900.0,2021-05-17,AIG
971,51.419998,51.709999,51.080002,51.110001,49.619846,3856100.0,2021-05-18,AIG
972,50.470001,50.759998,49.549999,50.669998,49.192665,4145500.0,2021-05-19,AIG
973,50.700001,50.919998,50.029999,50.529999,49.056751,3123500.0,2021-05-20,AIG
974,50.75,51.689999,50.75,51.310001,49.814011,4198800.0,2021-05-21,AIG
975,51.5,51.990002,51.299999,51.880001,50.367397,2600700.0,2021-05-24,AIG
976,51.990002,52.540001,50.689999,50.799999,49.318882,3569600.0,2021-05-25,AIG
977,51.27,51.52,50.720001,51.369999,49.872261,2516500.0,2021-05-26,AIG
978,52.02,52.799999,51.82,52.709999,51.173191,6287700.0,2021-05-27,AIG
979,52.82,52.93,51.939999,52.84,51.299397,3116300.0,2021-05-28,AIG
980,53.330002,53.830002,53.119999,53.549999,51.988697,5278200.0,2021-06-01,AIG
981,53.970001,54.080002,53.02,53.040001,51.493572,4146700.0,2021-06-02,AIG
982,52.950001,53.68,52.740002,53.540001,51.978992,4030000.0,2021-06-03,AIG
983,53.490002,53.490002,52.830002,53.419998,51.862488,2851700.0,2021-06-04,AIG
984,53.459999,53.529999,52.869999,53.07,51.522697,2460700.0,2021-06-07,AIG
985,52.669998,53.380001,52.290001,53.23,51.678028,2227500.0,2021-06-08,AIG
986,52.799999,52.880001,52.139999,52.16,50.639229,2946900.0,2021-06-09,AIG
987,52.91,53.099998,51.52,51.57,50.066433,2213500.0,2021-06-10,AIG
988,51.830002,52.150002,51.700001,52.02,50.503307,3521800.0,2021-06-11,AIG
989,51.560001,51.889999,50.849998,51.099998,49.917198,3130900.0,2021-06-14,AIG
990,51.150002,51.91,50.990002,51.529999,50.337246,3705300.0,2021-06-15,AIG
991,51.360001,51.98,50.849998,51.68,50.483772,4259200.0,2021-06-16,AIG
992,51.869999,51.919998,48.709999,48.77,47.641129,5797500.0,2021-06-17,AIG
993,47.849998,48.080002,46.830002,46.849998,45.765572,10722200.0,2021-06-18,AIG
994,47.259998,47.759998,47.23,47.75,46.644741,7422800.0,2021-06-21,AIG
995,47.73,47.84,47.02,47.549999,46.449368,3181400.0,2021-06-22,AIG
996,47.560001,48.060001,47.439999,47.73,46.625202,2896400.0,2021-06-23,AIG
997,47.799999,48.439999,47.57,48.209999,47.094097,2818000.0,2021-06-24,AIG
998,48.470001,49.23,48.299999,49.02,47.885342,3276300.0,2021-06-25,AIG
999,48.830002,48.959999,47.59,47.959999,46.849876,2961600.0,2021-06-28,AIG
1000,48.349998,48.709999,47.18,47.400002,46.302841,2742500.0,2021-06-29,AIG
1001,47.189999,47.740002,47.189999,47.599998,46.498211,2586800.0,2021-06-30,AIG
1002,48.029999,48.560001,47.77,48.27,47.152706,2888400.0,2021-07-01,AIG
1003,48.330002,48.389999,47.810001,48.049999,46.937794,1995000.0,2021-07-02,AIG
1004,47.52,47.689999,46.32,46.610001,45.531132,3598600.0,2021-07-06,AIG
1005,46.200001,47.049999,46.02,46.790001,45.706963,4108200.0,2021-07-07,AIG
1006,45.869999,46.0,44.599998,44.860001,43.821632,5412000.0,2021-07-08,AIG
1007,45.869999,47.080002,45.529999,46.869999,45.785107,5044800.0,2021-07-09,AIG
1008,46.349998,47.73,45.970001,47.439999,46.341915,3450700.0,2021-07-12,AIG
1009,47.400002,47.549999,46.68,46.73,45.64835,2983400.0,2021-07-13,AIG
1010,46.889999,47.349998,46.02,46.41,45.335758,2792200.0,2021-07-14,AIG
1011,47.5,48.200001,47.02,48.07,46.957333,7698900.0,2021-07-15,AIG
1012,48.200001,48.25,46.639999,46.900002,45.814415,4384800.0,2021-07-16,AIG
1013,45.5,45.779999,44.540001,44.93,43.890015,5465300.0,2021-07-19,AIG
1014,44.970001,47.529999,44.869999,47.23,46.136776,5131200.0,2021-07-20,AIG
1015,47.650002,48.970001,47.650002,48.290001,47.172241,3970900.0,2021-07-21,AIG
1016,48.099998,48.099998,47.240002,47.560001,46.459141,2815300.0,2021-07-22,AIG
1017,47.970001,48.349998,47.130001,47.310001,46.214928,3029600.0,2021-07-23,AIG
1018,47.279999,48.009998,47.18,47.709999,46.605663,3026800.0,2021-07-26,AIG
1019,47.080002,47.810001,46.779999,47.419998,46.322372,2347700.0,2021-07-27,AIG
1020,47.57,47.75,46.18,46.950001,45.863258,2956000.0,2021-07-28,AIG
1021,47.57,47.990002,47.009998,47.869999,46.761963,3492500.0,2021-07-29,AIG
1022,47.5,48.279999,47.139999,47.349998,46.253998,4695600.0,2021-07-30,AIG
1023,47.869999,48.84,47.279999,47.369999,46.273537,2779100.0,2021-08-02,AIG
1024,47.709999,47.799999,46.439999,47.740002,46.634972,2346500.0,2021-08-03,AIG
1025,47.040001,47.639999,46.77,47.09,46.000019,3592100.0,2021-08-04,AIG
1026,47.599998,48.75,47.599998,48.66,47.533676,4686400.0,2021-08-05,AIG
1027,50.25,51.380001,50.0,50.950001,49.770668,4807600.0,2021-08-06,AIG
1028,50.669998,52.150002,50.389999,51.849998,50.649837,4388700.0,2021-08-09,AIG
1029,51.860001,53.41,51.860001,53.139999,51.909977,7491300.0,2021-08-10,AIG
1030,53.43,54.119999,52.779999,54.080002,52.82822,5623200.0,2021-08-11,AIG
1031,54.25,54.580002,53.630001,53.880001,52.632851,3647700.0,2021-08-12,AIG
1032,54.18,54.93,53.889999,54.610001,53.345955,4675500.0,2021-08-13,AIG
1033,54.240002,54.830002,53.73,54.610001,53.345955,4648600.0,2021-08-16,AIG
1034,54.25,54.959999,53.810001,54.009998,52.759842,4490900.0,2021-08-17,AIG
1035,53.75,54.900002,53.529999,53.759998,52.515629,5002900.0,2021-08-18,AIG
1036,52.939999,53.900002,52.540001,52.959999,51.734142,7291400.0,2021-08-19,AIG
1037,53.040001,53.830002,52.720001,53.57,52.330021,4040800.0,2021-08-20,AIG
1038,54.07,54.759998,54.0,54.16,52.906368,3738400.0,2021-08-23,AIG
1039,54.16,54.689999,53.889999,54.360001,53.101738,3797600.0,2021-08-24,AIG
1040,54.540001,55.5,54.220001,54.93,53.658546,4019300.0,2021-08-25,AIG
1041,55.080002,55.130001,53.990002,54.02,52.769611,3308100.0,2021-08-26,AIG
1042,54.34,55.110001,54.150002,55.009998,53.736694,3485500.0,2021-08-27,AIG
1043,55.049999,55.049999,54.0,54.02,52.769611,3711400.0,2021-08-30,AIG
1044,53.849998,54.82,53.849998,54.560001,53.297112,5703900.0,2021-08-31,AIG
1045,54.689999,54.82,54.209999,54.580002,53.31665,4014300.0,2021-09-01,AIG
1046,54.77,55.389999,54.650002,55.23,53.951603,5228000.0,2021-09-02,AIG
1047,55.150002,55.419998,54.59,55.099998,53.824608,4556800.0,2021-09-03,AIG
1048,55.209999,55.779999,54.650002,54.669998,53.40456,4783000.0,2021-09-07,AIG
1049,54.5,55.009998,54.299999,54.810001,53.541328,3349300.0,2021-09-08,AIG
1050,54.799999,55.790001,54.599998,54.689999,53.424099,4669900.0,2021-09-09,AIG
1051,55.169998,55.380001,54.400002,54.439999,53.179886,3221700.0,2021-09-10,AIG
1052,55.110001,55.330002,54.610001,55.119999,53.844147,4962000.0,2021-09-13,AIG
1053,55.34,55.389999,54.27,54.43,53.17012,5109600.0,2021-09-14,AIG
1054,54.200001,54.759998,53.869999,54.450001,53.504211,4194300.0,2021-09-15,AIG
1055,54.470001,55.060001,54.049999,54.349998,53.405949,3423200.0,2021-09-16,AIG
1056,54.09,55.040001,53.59,53.810001,52.875328,7278400.0,2021-09-17,AIG
1057,52.23,53.310001,52.0,53.23,52.305405,7959300.0,2021-09-20,AIG
1058,53.709999,53.830002,52.900002,52.959999,52.040092,5580500.0,2021-09-21,AIG
1059,53.830002,54.139999,53.459999,53.709999,52.777069,4876600.0,2021-09-22,AIG
1060,53.970001,55.029999,53.970001,54.52,53.572998,4444700.0,2021-09-23,AIG
1061,54.619999,55.209999,54.32,54.810001,53.857964,5669300.0,2021-09-24,AIG
1062,55.369999,57.209999,55.369999,57.029999,56.039398,5232800.0,2021-09-27,AIG
1063,57.080002,57.540001,55.869999,55.990002,55.017464,5511600.0,2021-09-28,AIG
1064,56.220001,56.459999,55.779999,55.84,54.870071,3289600.0,2021-09-29,AIG
1065,55.98,56.119999,54.880001,54.889999,53.936569,4202000.0,2021-09-30,AIG
1066,55.150002,55.889999,54.810001,55.48,54.516323,5871800.0,2021-10-01,AIG
1067,55.380001,56.700001,55.330002,55.82,54.850418,5557000.0,2021-10-04,AIG
1068,56.279999,57.740002,55.639999,57.450001,56.452103,4845500.0,2021-10-05,AIG
1069,56.93,57.450001,56.07,57.32,56.324364,3484300.0,2021-10-06,AIG
1070,57.630001,58.110001,57.16,57.200001,56.206448,3749900.0,2021-10-07,AIG
1071,57.110001,57.990002,57.110001,57.610001,56.609325,2217200.0,2021-10-08,AIG
1072,57.75,58.860001,57.580002,57.889999,56.88446,3104700.0,2021-10-11,AIG
1073,57.799999,58.43,57.27,57.400002,56.402973,2678600.0,2021-10-12,AIG
1074,57.220001,57.279999,55.48,56.209999,55.233639,4125000.0,2021-10-13,AIG
1075,57.040001,57.779999,56.470001,57.77,56.766548,4857000.0,2021-10-14,AIG
1076,58.310001,58.82,58.080002,58.279999,57.267685,3931900.0,2021-10-15,AIG
1077,58.23,58.5,57.610001,57.889999,56.88446,3299000.0,2021-10-18,AIG
1078,58.540001,59.18,58.330002,58.639999,57.621429,3217200.0,2021-10-19,AIG
1079,58.360001,59.759998,58.130001,59.610001,58.574589,3205000.0,2021-10-20,AIG
1080,59.360001,59.950001,58.91,59.259998,58.230663,2794600.0,2021-10-21,AIG
1081,59.639999,60.16,59.32,60.009998,58.967636,3734100.0,2021-10-22,AIG
1082,60.0,60.349998,59.200001,59.639999,58.604061,3157100.0,2021-10-25,AIG
1083,59.720001,60.0,59.169998,59.23,58.201183,2497400.0,2021-10-26,AIG
1084,59.029999,60.02,58.43,58.549999,57.532997,3984800.0,2021-10-27,AIG
1085,58.82,59.950001,58.82,59.900002,58.859547,2668200.0,2021-10-28,AIG
1086,60.0,60.919998,59.060001,59.09,58.063622,4668700.0,2021-10-29,AIG
1087,59.709999,60.369999,59.619999,60.189999,59.144508,2732100.0,2021-11-01,AIG
1088,60.0,60.369999,59.799999,59.98,58.93816,3318100.0,2021-11-02,AIG
1089,59.700001,61.799999,59.669998,61.080002,60.019054,4537700.0,2021-11-03,AIG
1090,60.700001,60.830002,59.650002,60.389999,59.341038,4685900.0,2021-11-04,AIG
1091,62.0,62.540001,58.709999,58.959999,57.935875,6787500.0,2021-11-05,AIG
1092,59.060001,59.869999,58.599998,59.16,58.132401,5118300.0,2021-11-08,AIG
1093,58.799999,59.529999,58.27,58.759998,57.739346,3097700.0,2021-11-09,AIG
1094,58.639999,59.389999,58.290001,58.860001,57.837612,3645500.0,2021-11-10,AIG
1095,58.810001,59.290001,58.77,58.860001,57.837612,3113300.0,2021-11-11,AIG
1096,58.75,59.060001,58.099998,58.209999,57.198902,3538100.0,2021-11-12,AIG
1097,58.389999,58.59,57.869999,58.09,57.080986,3819900.0,2021-11-15,AIG
1098,58.450001,58.68,57.16,57.189999,56.196621,3772300.0,2021-11-16,AIG
1099,56.98,57.32,56.59,56.950001,55.960793,4567200.0,2021-11-17,AIG
1100,56.98,57.25,55.799999,56.119999,55.145206,4568000.0,2021-11-18,AIG
1101,55.200001,55.709999,54.709999,54.950001,53.995529,4864300.0,2021-11-19,AIG
1102,55.5,57.779999,55.299999,56.939999,55.950962,6027000.0,2021-11-22,AIG
1103,57.549999,59.34,57.529999,58.900002,57.876919,7055100.0,2021-11-23,AIG
1104,58.66,59.139999,57.720001,57.889999,56.88446,5072800.0,2021-11-24,AIG
1105,55.310001,56.529999,53.849998,56.049999,55.07642,4009600.0,2021-11-26,AIG
1106,56.759998,56.860001,54.93,54.950001,53.995529,4800300.0,2021-11-29,AIG
1107,54.32,54.32,52.360001,52.599998,51.686344,10816400.0,2021-11-30,AIG
1108,53.700001,54.209999,51.689999,51.720001,50.821632,5845600.0,2021-12-01,AIG
1109,52.200001,54.25,52.200001,53.959999,53.02272,6570900.0,2021-12-02,AIG
1110,53.91,54.189999,53.060001,53.32,52.393837,5056200.0,2021-12-03,AIG
1111,54.200001,55.490002,54.09,54.77,53.818657,6051100.0,2021-12-06,AIG
1112,55.150002,55.950001,54.900002,55.189999,54.231358,4852800.0,2021-12-07,AIG
1113,55.369999,55.650002,54.790001,54.970001,54.015179,4018600.0,2021-12-08,AIG
1114,54.650002,55.360001,54.470001,54.810001,53.857964,3716400.0,2021-12-09,AIG
1115,55.09,55.200001,54.130001,54.389999,53.445251,4023500.0,2021-12-10,AIG
1116,54.279999,54.310001,53.25,53.84,52.904808,4304600.0,2021-12-13,AIG
1117,53.75,55.09,53.650002,54.66,53.710567,5066200.0,2021-12-14,AIG
1118,54.580002,54.580002,53.459999,54.360001,53.730331,4523900.0,2021-12-15,AIG
1119,54.93,55.82,54.619999,55.279999,54.639675,6340200.0,2021-12-16,AIG
1120,55.080002,55.130001,53.549999,54.110001,53.483231,11164300.0,2021-12-17,AIG
1121,53.209999,53.220001,51.849998,52.91,52.297131,4458400.0,2021-12-20,AIG
1122,53.610001,55.599998,53.59,55.139999,54.501297,6431000.0,2021-12-21,AIG
1123,55.0,55.619999,54.900002,55.27,54.629795,4694000.0,2021-12-22,AIG
1124,55.610001,56.75,55.599998,56.57,55.914734,3980700.0,2021-12-23,AIG
1125,56.66,57.040001,56.259998,56.900002,56.240913,2079300.0,2021-12-27,AIG
1126,56.790001,57.599998,56.599998,56.669998,56.013577,2449500.0,2021-12-28,AIG
1127,56.639999,57.139999,56.560001,56.779999,56.122299,1977500.0,2021-12-29,AIG
1128,56.900002,57.34,56.709999,56.740002,56.082767,2144300.0,2021-12-30,AIG
1129,56.700001,57.23,56.650002,56.860001,56.201378,2075300.0,2021-12-31,AIG
1130,57.18,58.080002,57.130001,57.389999,56.725235,3376300.0,2022-01-03,AIG
1131,58.25,59.48,58.029999,59.0,58.316589,5281300.0,2022-01-04,AIG
1132,59.130001,59.700001,58.150002,58.189999,57.515968,4639400.0,2022-01-05,AIG
1133,59.240002,59.52,57.790001,59.189999,58.504383,6331600.0,2022-01-06,AIG
1134,59.599998,60.970001,59.310001,60.740002,60.036434,5318900.0,2022-01-07,AIG
1135,61.119999,61.560001,59.830002,61.41,60.698673,7913200.0,2022-01-10,AIG
1136,61.529999,61.77,60.860001,61.77,61.054501,6091500.0,2022-01-11,AIG
1137,61.48,62.110001,60.509998,61.369999,60.659134,6150500.0,2022-01-12,AIG
1138,61.790001,62.25,61.549999,61.869999,61.153343,3476900.0,2022-01-13,AIG
1139,60.939999,62.18,60.830002,61.91,61.192879,4465100.0,2022-01-14,AIG
1140,62.0,62.18,60.740002,60.900002,60.19458,4265200.0,2022-01-18,AIG
1141,61.18,61.599998,58.740002,58.84,58.15844,6354800.0,2022-01-19,AIG
1142,59.029999,60.84,58.59,58.84,58.15844,5861700.0,2022-01-20,AIG
1143,58.700001,58.869999,57.060001,57.32,56.656048,6608800.0,2022-01-21,AIG
1144,56.66,57.669998,54.389999,57.459999,56.794426,7420100.0,2022-01-24,AIG
1145,56.73,58.810001,55.34,58.209999,57.535736,6163500.0,2022-01-25,AIG
1146,58.860001,59.5,56.779999,57.630001,56.962456,6090700.0,2022-01-26,AIG
1147,58.279999,59.240002,56.209999,56.419998,55.766472,5398600.0,2022-01-27,AIG
1148,56.0,57.040001,55.57,56.959999,56.300217,5248600.0,2022-01-28,AIG
1149,56.5,57.810001,55.84,57.75,57.081066,4187800.0,2022-01-31,AIG
1150,57.830002,59.27,57.5,59.110001,58.425312,3674700.0,2022-02-01,AIG
1151,58.82,60.330002,58.779999,60.25,59.552109,4796500.0,2022-02-02,AIG
1152,60.290001,60.790001,59.349998,59.490002,58.800915,3381600.0,2022-02-03,AIG
1153,59.34,61.610001,59.34,60.990002,60.283535,4165800.0,2022-02-04,AIG
1154,61.119999,62.41,61.119999,61.790001,61.074268,3968100.0,2022-02-07,AIG
1155,62.5,63.110001,62.220001,62.700001,61.973732,5242000.0,2022-02-08,AIG
1156,62.849998,63.540001,62.349998,62.41,61.687088,4460100.0,2022-02-09,AIG
1157,61.549999,63.5,61.529999,62.220001,61.49929,4926500.0,2022-02-10,AIG
1158,62.220001,62.93,60.099998,60.740002,60.036434,7241100.0,2022-02-11,AIG
1159,60.73,61.080002,58.529999,58.990002,58.306705,7294400.0,2022-02-14,AIG
1160,59.740002,60.73,59.259998,60.380001,59.680603,4189300.0,2022-02-15,AIG
1161,59.790001,60.880001,59.790001,60.34,59.641068,3416800.0,2022-02-16,AIG
1162,59.950001,61.84,59.560001,61.380001,60.669022,6154900.0,2022-02-17,AIG
1163,60.380001,62.240002,60.380001,61.73,61.014965,5488200.0,2022-02-18,AIG
1164,62.0,62.880001,61.200001,61.610001,60.896355,5749500.0,2022-02-22,AIG
1165,62.130001,62.84,61.169998,61.540001,60.827164,5102400.0,2022-02-23,AIG
1166,59.349998,60.59,58.18,60.380001,59.680603,6276600.0,2022-02-24,AIG
1167,60.790001,63.169998,60.630001,63.16,62.428398,8694700.0,2022-02-25,AIG
1168,61.25,62.240002,60.700001,61.240002,60.53064,7596600.0,2022-02-28,AIG
1169,60.560001,60.669998,57.25,57.889999,57.219444,6478100.0,2022-03-01,AIG
1170,58.75,61.32,58.75,61.040001,60.332958,6545000.0,2022-03-02,AIG
1171,60.799999,61.490002,59.84,60.41,59.710255,4260700.0,2022-03-03,AIG
1172,59.009998,59.09,56.73,57.48,56.814194,7364100.0,2022-03-04,AIG
1173,56.66,57.099998,54.66,54.669998,54.036739,7982000.0,2022-03-07,AIG
1174,55.459999,57.419998,54.900002,55.459999,54.817589,7034500.0,2022-03-08,AIG
1175,57.990002,59.299999,57.869999,58.279999,57.604927,5984800.0,2022-03-09,AIG
1176,57.299999,58.369999,56.360001,56.98,56.319984,5247400.0,2022-03-10,AIG
1177,57.779999,58.470001,56.900002,57.0,56.339752,3423600.0,2022-03-11,AIG
1178,58.080002,59.02,57.130001,57.509998,56.843842,3734300.0,2022-03-14,AIG
1179,58.060001,58.91,57.25,58.549999,57.871799,3901300.0,2022-03-15,AIG
1180,59.09,60.360001,58.669998,59.779999,59.412262,4346600.0,2022-03-16,AIG
1181,59.09,60.950001,58.990002,60.939999,60.565125,4991100.0,2022-03-17,AIG
1182,60.68,61.110001,59.73,61.029999,60.654572,6258900.0,2022-03-18,AIG
1183,61.540001,62.049999,60.959999,61.740002,61.360207,6074000.0,2022-03-21,AIG
1184,62.389999,63.77,62.349998,62.68,62.294426,4486500.0,2022-03-22,AIG
1185,62.349998,62.889999,61.82,61.849998,61.469528,3071200.0,2022-03-23,AIG
1186,62.25,63.299999,61.98,63.16,62.771473,3185800.0,2022-03-24,AIG
1187,63.25,64.529999,63.169998,64.480003,64.083351,3712200.0,2022-03-25,AIG
1188,63.950001,64.160004,63.330002,63.73,63.337963,3486500.0,2022-03-28,AIG
1189,64.580002,64.900002,62.48,63.049999,62.662148,4393200.0,2022-03-29,AIG
1190,63.02,64.07,63.02,63.490002,63.099442,4424500.0,2022-03-30,AIG
1191,63.240002,64.120003,62.77,62.77,62.383869,4589800.0,2022-03-31,AIG
1192,63.32,64.129997,63.049999,63.790001,63.397598,3802800.0,2022-04-01,AIG
1193,63.439999,63.66,62.220001,62.540001,62.155285,2960800.0,2022-04-04,AIG
1194,62.34,63.459999,62.34,62.450001,62.065838,2906300.0,2022-04-05,AIG
1195,62.310001,63.040001,61.669998,61.810001,61.429779,3528000.0,2022-04-06,AIG
1196,61.549999,61.970001,60.68,61.66,61.280697,3506800.0,2022-04-07,AIG
1197,62.299999,63.470001,61.990002,63.139999,62.751595,3140900.0,2022-04-08,AIG
1198,63.139999,64.290001,62.470001,62.580002,62.195042,3398200.0,2022-04-11,AIG
1199,62.830002,63.619999,62.16,62.450001,62.065838,3518300.0,2022-04-12,AIG
1200,62.209999,63.049999,61.799999,62.98,62.592579,3386400.0,2022-04-13,AIG
1201,62.919998,63.919998,62.799999,63.029999,62.642269,4399900.0,2022-04-14,AIG
1202,62.709999,64.110001,62.709999,63.900002,63.50692,2088700.0,2022-04-18,AIG
1203,64.139999,64.629997,63.189999,63.610001,63.218704,5089100.0,2022-04-19,AIG
1204,63.950001,65.160004,63.939999,64.410004,64.013786,3432500.0,2022-04-20,AIG
1205,65.050003,65.730003,63.040001,63.130001,62.741657,4244300.0,2022-04-21,AIG
1206,63.0,63.0,60.34,60.439999,60.068203,4865200.0,2022-04-22,AIG
1207,60.009998,60.009998,57.900002,59.68,59.312878,6587500.0,2022-04-25,AIG
1208,58.84,59.630001,57.619999,57.66,57.305305,4261100.0,2022-04-26,AIG
1209,57.869999,59.490002,57.459999,59.119999,58.756321,4989600.0,2022-04-27,AIG
1210,59.77,60.450001,58.490002,60.040001,59.670666,4623700.0,2022-04-28,AIG
1211,59.740002,60.130001,58.330002,58.509998,58.150074,5789500.0,2022-04-29,AIG
1212,58.970001,59.450001,57.669998,59.060001,58.696693,4276900.0,2022-05-02,AIG
1213,59.560001,60.290001,58.330002,59.529999,59.163799,8013100.0,2022-05-03,AIG
1214,60.080002,64.050003,59.799999,63.939999,63.546673,7814600.0,2022-05-04,AIG
1215,62.93,63.720001,61.439999,62.119999,61.737869,6021000.0,2022-05-05,AIG
1216,62.110001,62.52,61.189999,62.23,61.847191,5885500.0,2022-05-06,AIG
1217,61.610001,62.330002,59.259998,59.610001,59.243309,6605600.0,2022-05-09,AIG
1218,60.23,61.450001,57.619999,58.689999,58.328968,6476600.0,2022-05-10,AIG
1219,58.73,60.77,58.509998,58.610001,58.249462,4809500.0,2022-05-11,AIG
1220,58.41,59.040001,57.240002,58.41,58.05069,4914400.0,2022-05-12,AIG
1221,59.02,59.549999,58.209999,58.560001,58.199768,6119400.0,2022-05-13,AIG
1222,58.669998,59.169998,57.869999,58.639999,58.279274,4838900.0,2022-05-16,AIG
1223,59.900002,60.5,59.5,60.279999,59.909187,3910900.0,2022-05-17,AIG
1224,59.73,60.139999,58.080002,58.299999,57.941368,5678800.0,2022-05-18,AIG
1225,57.5,58.849998,57.450001,57.900002,57.543831,4576300.0,2022-05-19,AIG
1226,58.139999,58.529999,53.830002,55.619999,55.277851,8977100.0,2022-05-20,AIG
1227,56.560001,57.549999,56.080002,56.93,56.579796,7948900.0,2022-05-23,AIG
1228,56.689999,56.810001,54.700001,56.509998,56.162376,5889400.0,2022-05-24,AIG
1229,56.32,57.630001,56.169998,56.669998,56.321392,5805900.0,2022-05-25,AIG
1230,57.580002,58.16,57.119999,57.73,57.374874,6122600.0,2022-05-26,AIG
1231,57.849998,59.0,57.630001,59.0,58.637062,3891100.0,2022-05-27,AIG
1232,58.650002,59.759998,58.169998,58.68,58.319031,5639200.0,2022-05-31,AIG
1233,58.939999,59.18,57.09,57.84,57.484196,6103000.0,2022-06-01,AIG
1234,57.919998,58.200001,57.110001,58.169998,57.812164,3987500.0,2022-06-02,AIG
1235,57.759998,58.240002,57.09,57.290001,56.93758,4809200.0,2022-06-03,AIG
1236,57.810001,59.369999,57.400002,58.990002,58.627125,4094300.0,2022-06-06,AIG
1237,58.57,59.709999,58.060001,59.41,59.04454,4555900.0,2022-06-07,AIG
1238,58.970001,59.220001,57.540001,57.740002,57.384815,3908000.0,2022-06-08,AIG
1239,57.740002,57.740002,55.869999,55.880001,55.536255,6573800.0,2022-06-09,AIG
1240,54.290001,54.720001,53.41,53.43,53.101326,7237800.0,2022-06-10,AIG
1241,52.459999,53.040001,51.209999,51.630001,51.312401,6091700.0,2022-06-13,AIG
1242,52.07,53.0,51.610001,52.02,51.700001,5894300.0,2022-06-14,AIG
1243,52.52,52.91,51.040001,52.049999,52.049999,6844700.0,2022-06-15,AIG
1244,50.869999,50.950001,49.080002,49.970001,49.970001,7600300.0,2022-06-16,AIG
1245,50.099998,51.700001,49.990002,51.459999,51.459999,17311400.0,2022-06-17,AIG
1246,52.990002,53.119999,51.689999,52.150002,52.150002,4745100.0,2022-06-21,AIG
1247,51.09,52.330002,51.02,51.380001,51.380001,5491100.0,2022-06-22,AIG
1248,51.200001,51.5,49.380001,49.599998,49.599998,6695000.0,2022-06-23,AIG
1249,50.130001,52.919998,50.02,52.77,52.77,7883300.0,2022-06-24,AIG
1250,52.619999,53.09,51.5,51.919998,51.919998,4527500.0,2022-06-27,AIG
1251,52.689999,53.41,51.77,51.810001,51.810001,3495500.0,2022-06-28,AIG
1252,52.16,52.25,50.73,50.799999,50.799999,4804700.0,2022-06-29,AIG
1253,50.02,51.5,49.459999,51.130001,51.130001,4068700.0,2022-06-30,AIG
1254,51.099998,52.16,50.740002,52.02,52.02,3363500.0,2022-07-01,AIG
1255,50.709999,51.130001,49.650002,51.130001,51.130001,4265900.0,2022-07-05,AIG
1256,50.689999,51.34,50.220001,50.98,50.98,3714700.0,2022-07-06,AIG
